director,director_id
Eric Meza,1
Tommy Chong,2
John Wells,3
Erol Özlevi,4
Alejandro Hartmann,5
Jennifer Westcott,6
Neeraj Pandey,7
Wash Westmoreland,8
Patricia Font,9
Bobby Roth,10
Aleksey German,11
Rhiannon Bannenberg,12
Elizabeth Wood,13
Manish Jha,14
April Mullen,15
"Harry Elfont, Deborah Kaplan",16
Abdul Aziz Hashad,17
Will Gluck,18
Gail Willumsen,19
Jesús Magaña Vázquez,20
"Jacques Perrin, Jacques Cluzaud",21
John Milius,22
Luke Holland,23
Pramod Pawar,24
Cristina Jacob,25
Tània Balló,26
Mika Kaurismäki,27
Danish Aslam,28
Wouter Bouvijn,29
"Kate Mulleavy, Laura Mulleavy",30
Sherif Arafa,31
Zak Hilditch,32
Wong Kar Wai,33
Skye Borgman,34
Greg Pritikin,35
Kief Davidson,36
Ishi Rudell,37
Joe Miale,38
Hang-Jun Jang,39
Paulo Oriol,40
Manjeet Singh,41
Emilio Martínez Lázaro,42
Sam Upton,43
Anthony Wonke,44
Peter Sattler,45
Van M. Pham,46
"Noah Baumbach, Jake Paltrow",47
"Jon Hurwitz, Hayden Schlossberg",48
Mary Mazzio,49
Ken Burns,50
Simon Frederick,51
"Alejandro De Grazia, Juan Stadler",52
Maribel Sánchez-Maroto,53
Tom Ford,54
Lester Hsi,55
"Anurag Kashyap, Dibakar Banerjee, Karan Johar, Zoya Akhtar",56
Nicholas Kharkongor,57
Lee Seung-won,58
B. Unnikrishnan,59
Lauren Miller Rogen,60
Tig Notaro,61
Anthony Pierce,62
Gaby Dellal,63
Atul Malhotra,64
Salima Koroma,65
Jared Hess,66
Alphonso J. Wesson,67
Frédéric Tonolli,68
Benny Fredman,69
Stacy Title,70
Theodore Melfi,71
Mike Gunther,72
"Moyoung Jin, Caroline Sá, Deepti Kakkar, Fahad Mustafa, Hikaru Toda, Chico Pereira, Elaine McMillion Sheldon",73
Fermín Muguruza,74
Simon Stone,75
Michael Curtiz,76
Olivier Marchal,77
"TJ Sullivan, Greg Rankin",78
Madonna,79
Bolanle Austen-Peters,80
Anand Kamalakar,81
Phanindra Narsetti,82
To-hoi Kong,83
Daniel J. Clark,84
Byun Hyuk,85
Seren Yüce,86
"Nishanth Ravindaran, Jathin Sanker Raj",87
Remo D'Souza,88
Michael Kennedy,89
Thierry Donard,90
Pan Nalin,91
Kyle Newman,92
Jon Spira,93
Pooja Bhatt,94
Dylan C. Brown,95
"Colin Strause, Greg Strause",96
"Peter Lord, Jeff Newitt",97
Stephen Amezdroz,98
"Milla Harrison-Hansley, Alicky Sussman",99
Charles Martin,100
"Travon Free, Martin Desmond Roe",101
Cathy Garcia-Molina,102
Niyi Akinmolayan,103
Kabir Sadanand,104
He Xiaofeng,105
"David Chuang, Chen Kuan-chung",106
Shagufta Rafique,107
"Zoya Akhtar, Karan Johar, Anurag Kashyap, Dibakar Banerjee",108
Martin Zandvliet,109
Geun-hyun Cho,110
Constance Marks,111
"Mike McCoy, Scott Waugh",112
Michael Doneger,113
Wong Jing,114
Zachary Heinzerling,115
Asri Bendacha,116
"Vincente Minnelli, Charles Walters",117
Michael Mayer,118
Poj Arnon,119
Ofir Raul Graizer,120
Mark Waters,121
Pawan Kripalani,122
Akhigbe Ilozobhie,123
Fouad Al Shatti,124
Sermiyan Midyat,125
Ravishankar Venkateswaran,126
Michał Tylka,127
Edwin,128
Ísold Uggadóttir,129
Hatem Khraiche,130
Griffin Dunne,131
Ralph Macchio,132
"Jan Suter, Raúl Campos Delgado",133
Yvan Attal,134
Jody Lambert,135
"Ken Burns, Artemis Joukowsky",136
Benoît Jacquot,137
"Mahin Ibrahim, Austin Kolodney, Will Lowell, David Beier, Dave Dorsey, Xu Zhang, Alana Waksman, Jon YonKondy, Drue Metz, Brandon Somerhalder",138
Jijo Pancode,139
Shawn Crahan,140
Rowan Athale,141
Vidhu Vinod Chopra,142
TT The Artist,143
Ti West,144
Rajesh Ganguly,145
Mohit Suri,146
"Julia Willoughby Nason, Jenner Furst",147
Justin Webster,148
"Mariana Tschudi, Héctor Gálvez",149
Reem Kherici,150
Meghan O'Hara,151
"Hemant Gaba, Pratim D. Gupta, Sudhish Kamath, Nalan Kumarasamy, Anu Menon, Sandeep Mohan, Qaushiq Mukherjee, Rajshree Ojha, Raja Sen, Abhinav Shiv Tiwari, Suparn Verma",152
Harrison Smith,153
Jenny Carchman,154
Michael Roberts,155
Jennifer Peedom,156
"Peter Farrelly, Will Graham, Steve Carr, Griffin Dunne, Steve Brill, James Duffy, Jonathan van Tulleken, Elizabeth Banks, Patrik Forsberg, Brett Ratner, Rusty Cundieff, James Gunn",157
Billy Bob Thornton,158
Zakariya,159
Chad Archibald,160
Park In-je,161
"Heber Cannon, Mariah Moore, Marston Sawyers",162
Chineze Anyaene,163
Jerry Rothwell,164
"Bao Nhan, Namcito",165
Kaashvie Nair,166
Anna Wieczur-Bluszcz,167
"Thierry Demaizière, Alban Teurlai",168
Teddy Chan,169
"Muharrem Gülmez, Sırrı Süreyya Önder",170
Desingh Periyasamy,171
Kenny Leon,172
Archie Borders,173
"Joel Coen, Ethan Coen",174
Ayaan Mukherji,175
Choi Jin-seong,176
Seth Henrikson,177
Hasraf Dulull,178
"Fabrizio Copano, Augusto Matte",179
Phil Weinstein,180
Chris Stokes,181
"Asit Mohapatra, Shyamal Chaulia",182
Jason James,183
"Jon Carey, Adam Darke",184
Steven Gomez,185
"Pascal Blanchard, Sonia Dauger, David Dietz",186
Sabu Varghese,187
Rushmore DeNooyer,188
Oliver Twinch,189
Jasmine D'Souza,190
Raman Kumar,191
Michael Patrick King,192
Elliot Hegarty,193
Mark Osborne,194
"Will Lockhart, Cole D. Pruitt",195
Just Philippot,196
Alejandro Doria,197
Frank Marshall,198
Sydney Pollack,199
Alexis Morante,200
Bedran Güzel,201
Eylem Kaftan,202
Jeff Orlowski,203
Saeed Hamed,204
Baljit Singh Deo,205
Alo Sarkar,206
Will Canon,207
Bauddhayan Mukherji,208
Louis Leterrier,209
Danny Leiner,210
Keiichi Hara,211
Atsajun Sattakovit,212
Raymond McGrath,213
Esteban Sapir,214
Michael Mazzola,215
Alan Parker,216
Kevin Johnson,217
Ron Krauss,218
Sophia Nahli Allison,219
Chairun Nissa,220
Jeff Baena,221
"Glen Goei, Gavin Yap",222
Tianyu Zhao,223
Awi Suryadi,224
Jonathan Helpert,225
Andrew Lau Wai-Keung,226
Alice Rohrwacher,227
Sara Dosa,228
Arthur Allan Seidelman,229
Julien Christian Lutz,230
Joshua Caldwell,231
Rob Cohen,232
Tilak Shetty,233
Piti Jaturaphat,234
Alice Waddington,235
Prakash Satam,236
"Appie Boudellah, Aram van de Rest",237
Ramin Bahrani,238
Rachel Talalay,239
Kris Pearn,240
Stephanie Zwane,241
Hikari,242
"Vikramaditya Motwane, Anurag Kashyap",243
Michael Epstein,244
Sriram Raghavan,245
Sundar C.,246
"Joanna Lombardi, Bruno Ascenzo",247
Rajan Madhav,248
Kabir Khan,249
Olivia Newman,250
Antonio Serrano,251
Buzz Kulik,252
Chris Blake,253
Majid Majidi,254
Stuart Baird,255
Harold Cronk,256
Dhilip Kumar,257
Syed Ahmad Afzal,258
Steven Knight,259
Prabhuraj,260
Pratim D. Gupta,261
"Roman Atwood, Ben Pluimer",262
Brian O'Malley,263
Joseph Sargent,264
Laxman Utekar,265
Hideaki Takizawa,266
Nibal Arakji,267
Jastis Arimba,268
Yandy Laurens,269
Eric Bress,270
"Abbas Alibhai Burmawalla, Mastan Alibhai Burmawalla",271
Tetsuo Yajima,272
Mukesh Vohra,273
Vinod Kapri,274
Gonzalo López-Gallego,275
Noam Murro,276
Sergio Barrejón,277
Yang Woo-seok,278
Kazuya Murata,279
Shazia Javed,280
Tony Kaye,281
Jon Manning,282
Ken Loach,283
Pa. Ranjith,284
Jonathan Taylor,285
"Ken Burns, Lynn Novick",286
Robert Eggers,287
Toshiya Shinohara,288
Anthony Minghella,289
Barbra Streisand,290
Anna Elizabeth James,291
Hemambar Jasti,292
Jeff Deverett,293
Ángel Gómez Hernández,294
"Tony Bancroft, Scott Christian Sava",295
Stéphane de Freitas,296
Christopher Storer,297
Tharun Bhascker,298
Paul Miller,299
Yayo Herrero,300
Riccardo Milani,301
Ben Younger,302
Keanu Reeves,303
Jacek Koprowicz,304
"William Lau, Sylvain Blais",305
Nick Cassavetes,306
Peter Pardini,307
Tim Rouhana,308
C.J. Wallis,309
Marina Willer,310
Robert Kouba,311
Kieran Darcy-Smith,312
Sara Colangelo,313
Jason Hehir,314
Tim Burton,315
Justin P. Lange,316
"Arnon Manor, Timothy Ware-Hill",317
Gil Kenan,318
Mohammad Adel,319
"Norm Hiscock, Gary Howsam, Mike Smith, John Paul Tremblay, Robb Wells",320
Ahmed Saleh,321
Emcy Joseph,322
Ziggy Hofmeyr,323
Tsutomu Mizushima,324
Jagdeep Sidhu,325
Rachel Lears,326
Jennifer Kaytin Robinson,327
Ulises Valencia,328
Soukarya Ghosal,329
"Eric Idle, Aubrey Powell",330
Ludovic Bernard,331
Rob Silvestri,332
Mike Wiluan,333
Sam Patton,334
Patrik Syversen,335
Steve Race,336
Santosh Manjrekar,337
Derek Hui,338
Nagesh Kukunoor,339
Florian Henckel von Donnersmarck,340
Christian Alvart,341
Adam Bolt,342
Mfanelo Ngoma,343
Daniel Oriahi,344
Cassia Dian,345
Raj Kumar Gupta,346
Eric Idle,347
Marty Callner,348
Yasuhiro Irie,349
Eric Abrams,350
Elite Zexer,351
Sam Mendes,352
Arthur Muhammad,353
John Edginton,354
Benjamin Ree,355
Munish Bhardwaj,356
Toshiyuki Tsuru,357
Partho Mitra,358
Mohammad Irfan Ramly,359
Jeo Baby,360
Richard Laxton,361
Michael Kampa,362
Hannah Fidell,363
Omoni Oboli,364
Eric Aghimien,365
Eva Trobisch,366
"Alex Parkinson, Richard da Costa",367
Shaad Ali,368
Alina Teodorescu,369
María Jose Cuevas,370
Joe Dante,371
Raymond Wood,372
Uttung Shelar,373
"Cary Murnion, Jonathan Milott",374
Nancy Schwartzman,375
Izu Ojukwu,376
"Pierre Greco, Nancy Florence Savard",377
Rajkumar Hirani,378
Lluís Quílez,379
Takashi Doscher,380
Georges Hachem,381
Aaron Woodley,382
Mohamed Yassin,383
Patryk Vega,384
Daniel Sánchez Arévalo,385
Tarsem Singh,386
Ted Emery,387
Benson Lee,388
Alex Israel,389
Richard Donner,390
John Patrick Shanley,391
Gianfranco Rosi,392
John Trengove,393
Michael Anderson,394
George Miller,395
Navneet Behal,396
Neil Rawles,397
Beeban Kidron,398
Tosin Igho,399
Howard Zieff,400
Matthew Vaughn,401
Vijay Roche,402
Peter Mimi,403
Greta Gerwig,404
James Franco,405
Nisheeta Keni,406
Sudabeh Mortezai,407
J.C. Chandor,408
Conor Allyn,409
Shashanka Ghosh,410
"Steve Hickner, Simon J. Smith",411
Robert Markowitz,412
Andrew Nackman,413
Marianna Palka,414
Harjit Singh,415
Riri Riza,416
"Anders Sømme Hammer, Marius Arnesen, Klaus Erik Okstad, Olav Njaastad",417
"Philip Einstein Lipski, Jørgen Lerdam, Amalie Næsby Fick",418
Michael Radford,419
Ashish R. Mohan,420
Mozez Singh,421
Renny Harlin,422
Hallie Meyers-Shyer,423
Yoshiyuki Tomino,424
Christopher Amos,425
Adriano Rudiman,426
Amy Poehler,427
Ángeles Reiné,428
Natasha Lyonne,429
Christopher Nolen,430
Carey McKenzie,431
Marcos Carnevale,432
Jesse V. Johnson,433
Denis Do,434
Hussein El Ansary,435
"Kunihiko Yuyama, Motonori Sakakibara",436
Dee Rees,437
Sam Cullman,438
Manav Shah,439
John Woo,440
Priyadarshan,441
Eli Craig,442
Santosh Sivan,443
"Sam Dunn, Scot McFadyen",444
"Jon Lucas, Scott Moore",445
Natalie Portman,446
Michael Feifer,447
Avadhoot Gupte,448
Allen Coulter,449
Rob W. King,450
Michael Cumming,451
John G. Avildsen,452
Nikhil Pherwani,453
Zhang Chong,454
Mostofa Sarwar Farooki,455
Mike Rohl,456
"Aitor Arregi, Jon Garaño, Jose Mari Goenaga",457
Luke Snellin,458
Sandeep Reddy Vanga,459
Qaushiq Mukherjee,460
Malik Vitthal,461
Castille Landon,462
"Mark Helenowski, Kevin Pang",463
Tanuj Chopra,464
Scott Hicks,465
"Munjal Shroff, Tilak Shetty",466
Zach Clark,467
Natalia Valdebenito,468
Fernando Frías De La Parra,469
Kamal Sahani,470
Stephen Chbosky,471
Olivier Megaton,472
"Evan Goldberg, Seth Rogen",473
Charles Uwagbai,474
Kristine Stolakis,475
Ivan Ayr,476
Rindala Kodeih,477
Dado C. Lumibao,478
"Pavitra Chalam, Akshay Shankar",479
Anna Stone,480
Mickey Fonseca,481
Tomas Brickhill,482
Hani Al-Shaibani,483
Ashwin Saravanan,484
Robbie Grewal,485
N. Linguswamy,486
Raj Kaushal,487
Toshiyuki Kubooka,488
Andreas Prochaska,489
"Jill Bauer, Ronna Gradus",490
Thomas Carter,491
Robert Altman,492
Everardo Gout,493
"Devaki Singh, Luke Kenny",494
Roman Polanski,495
Pieter-Jan De Pue,496
David L.G. Hughes,497
Peter Spirer,498
Li Weiran,499
"Su I-Hsuan, Chuang Shiang-an, Liu Yi",500
Caroline Suh,501
Sadeq Behbehani,502
Masaaki Yuasa,503
John Asher,504
Hugo Stuven,505
Matt Bell,506
Evgeny Afineevsky,507
Gabriel Grieco,508
Amir Mohiuddin,509
Billy Ray,510
Afonso Poyart,511
Gilles Paquet-Brenner,512
James Mangold,513
Uduak-Obong Patrick,514
Marco Petry,515
Brian Henson,516
Shady Hanna,517
Manish Saini,518
"Akhil Paul, Anas Khan",519
Maria Ripoll,520
Muh Chen,521
Lawrence Cheng,522
Sidharth Malhotra,523
David Bruckner,524
You-Jeong Chang,525
Serdar Akar,526
Levan Tsikurishvili,527
Dustin Nguyen,528
Gerry Hoban,529
Gavin O'Connor,530
Basu Chatterjee,531
K. Gopinathan,532
Fred Olen Ray,533
Fred Durst,534
Donovan Marsh,535
David Pablos,536
Sarah Gavron,537
Florian Schott,538
"Toka McBaror, Tunde Apalowo",539
Mikhail Red,540
Zoe Berriatúa,541
Jennifer M. Kroot,542
Vijay Yelakanti,543
S.S. Rajamouli,544
Christian Charles,545
Terry Gilliam,546
Pavel Parkhomenko,547
"Jedd Wider, Todd Wider",548
John Dahl,549
Lawrence Kasdan,550
Julio Quintana,551
Jonathan Lynn,552
Ladislaus Kiraly,553
Kornél Mundruczó,554
Pailin Wedel,555
Bryn Evans,556
Umesh Shukla,557
Fernando Frías de la Parra,558
Pedro Flores Maldonado,559
Leticia Jorge Romero,560
Prentice Penny,561
Francisco Macri,562
Pierre Deschamps,563
Sandra Restrepo,564
Sunao Katabuchi,565
Milind Dhaimade,566
Marie Madinier,567
Shashilal K. Nair,568
Ricky Gervais,569
Shrihari Sathe,570
"Kristina Goolsby, Ashley York",571
Richard Attenborough,572
Kees Van Oostrum,573
Charlie Vaughn,574
Daniel Alfredson,575
Gulzar,576
"Leo Riley, Eric Radomski",577
Steve McLean,578
"Albert Hughes, Allen Hughes",579
Tom Donahue,580
Gary Sing,581
Edward James Olmos,582
Ali Tabrizi,583
"Al Campbell, Alice Mathias",584
"Zeek Earl, Christopher Caldwell",585
Sam Liu,586
Abba T. Makama,587
Handan İpekçi,588
Robert Eagar,589
Serge Ou,590
Luis Javier Henaine,591
Clark Johnson,592
Emmanuel Mouret,593
Suseenthiran,594
"Terry Gilliam, Terry Jones",595
Irek Dobrowolski,596
Anthony Giordano,597
Josh Wakely,598
Robert McCullough Jr.,599
Houda Benyamina,600
Jack C. Newell,601
Roman Coppola,602
"Jung-ah Im, Seung-uk Jo",603
José Eduardo Belmonte,604
Abdellatif Kechiche,605
"Rajiv Chilaka, Binayak Das",606
Vishal Mishra,607
Rebecca Addelman,608
William Brent Bell,609
Michael Buster,610
"John Mikulak, Joshua Brown",611
Tobe Hooper,612
Sherif Mandour,613
Mani Ratnam,614
Ann Deborah Fishman,615
Cooper Karl,616
Mikael Håfström,617
Abhishek Chaubey,618
Marcus Raboy,619
Dennie Gordon,620
Tanawat Aiemjinda,621
Sujoy Ghosh,622
Han Han,623
Yee Tung-Shing,624
Leena Yadav,625
Noor Imran Mithu,626
Akshay Akkineni,627
Peter Webber,628
Shammi Kapoor,629
Laurent Bouzereau,630
Khaled Youssef,631
Deane Taylor,632
Hiromasa Yonebayashi,633
Julia Hart,634
Moataz El Tony,635
Stephan Rick,636
"Luis Alfaro, Javier Gómez Santander",637
Peter Facinelli,638
Francisco D'Eufemia,639
Shaz Bennett,640
"Will McCormack, Michael Govier",641
Stacia Crawford,642
Levan Gabriadze,643
Antonio Campos,644
Tyler Spindel,645
Azazel Jacobs,646
Hayato Date,647
Todd Biermann,648
K.C. Bokadia,649
Chester Tam,650
Dennis Iliadis,651
Christopher Smith,652
Richard Miron,653
Shekhar Kapur,654
"Anna Boden, Ryan Fleck",655
Jorge Granier,656
Anurag Singh,657
Matthew Cooke,658
Dheeraj Berry,659
David Guy Levy,660
Vincent Ward,661
"Joe Berlinger, Bruce Sinofsky",662
Alex Merkin,663
Lance Daly,664
Akashdeep,665
Peter Lepeniotis,666
Trivikram Srinivas,667
Jean-Bernard Marlin,668
Liu Jiang,669
Jatla Siddartha,670
Dan Lucchesi,671
"Heidi Ewing, Rachel Grady",672
"Rod Blackhurst, Brian McGinn",673
"Micah Bickham, Galley Molina",674
Mike Birbiglia,675
Barry Sonnenfeld,676
Terri Randall,677
"Dana Doron, Uriel Sinai",678
Nacho G. Velilla,679
Gafoor Y. Elliyaas,680
Paritosh Painter,681
Abhishek Saxena,682
Bryan Singer,683
Miriam Chandy Menacherry,684
"Edward Ellis, Flor Salcedo, Aaron Woolf",685
David Serrano,686
Louie Schwartzberg,687
Ben Falcone,688
Ross Venokur,689
James Haslam,690
Khaled Marei,691
Franck Nataf,692
Andrew Dean,693
Chung Mong-hong,694
Mauro Scandolari,695
Sigrid Andrea Bernardo,696
Daniel Goldhaber,697
Hèctor Hernández Vicens,698
Diego Lerman,699
"Paul Solet, Rick Benattar",700
Rob Meyer,701
Joe Piscatella,702
Ishaan Trivedi,703
"Gary Cohen, Ross Hockrow",704
Zack Whedon,705
Ashish R. Shukla,706
Jeffrey G. Hunt,707
Lena Khan,708
Ben Simms,709
George Ford,710
Rob Minkoff,711
Robert O. Peters,712
Clint Butler,713
Justin G. Dyck,714
Otoja Abit,715
Peter Sollett,716
Murat Kepez,717
Michelle Esrick,718
Milton Horowitz,719
David M. Rosenthal,720
Kevin Bray,721
Elisabeth Vogler,722
Bent-Jorgen Perlmutt,723
Ketan Mehta,724
Juan Pablo Buscarini,725
"Lyric R. Cabral, David Felix Sutcliffe",726
Jelle de Jonge,727
Don Mancini,728
"Damien Piscarel, Florent Bodin",729
Ron Myrick,730
"Jon Reiner, Brad Rothschild",731
Mel Stuart,732
Victor Vu,733
Paul W.S. Anderson,734
Walter Taylaur,735
Joe Berlinger,736
Robert Townsend,737
Jeff Nichols,738
Linda Korsten,739
Andrew Goth,740
Kaila York,741
Aditya Vikram Sengupta,742
Che Sandoval,743
Umesh Mehra,744
Melinda Janko,745
Troy Nixey,746
Matthew Shoychet,747
"Ricky Gervais, Matthew Robinson",748
Bahij Hojeij,749
Jeff Tremaine,750
Jon Izen,751
Upi Avianto,752
Amitabha Singh,753
Shadab Khan,754
Fumihiko Sori,755
"Christopher S. Rech, Brandon Kimber",756
Ari Levinson,757
"Gabriel Clarke, Torquil Jones",758
Mark Dindal,759
Emma Hatherley,760
Luis Javier M. Henaine,761
Michael Seater,762
J. Lee Thompson,763
"Ash Brannon, Chris Buck",764
Maxwell McGuire,765
Tosin Coker,766
Nopparoj Chotmunkongsit,767
Ali Yorgancıoğlu,768
"Takashi Yamazaki, Ryuichi Yagi, Makoto Hanafusa",769
Vijay Kumar,770
"Karan Shivajirao Chavan, Vikram Tanajirao Patil",771
David Wain,772
Tomas Portella,773
Teo Konuralp,774
Brendon Marotta,775
Tony Stone,776
Jee-woon Kim,777
Marco Schnabel,778
Chris Renaud,779
Juan Carlos Medina,780
David O. Russell,781
Lasja Fauzia Susatyo,782
"Kevin Ko, Peter Tsi",783
Olivier Assayas,784
"Ahmed Yousry, Hazem Fouda",785
Kranthi Madhav,786
Jason Orley,787
Rod Cabatana Marmol,788
Julien Abraham,789
"Limbert Fabian, Brandon Oldenburg",790
R. Balki,791
Nattawut Poonpiriya,792
Moto Sakakibara,793
Stephen Gyllenhaal,794
Philip Yung,795
Dan Harris,796
Shaina Allen,797
David de Vos,798
Malcolm D. Lee,799
"Mauricio Dias, Tatiana Villela",800
Manuel Alcalá,801
"Ian Cheney, Sharon Shattuck",802
Andrew Jenks,803
"Daan Jansen, Stijn Verlinde",804
"Mark A.Z. Dippé, Eondeok Han",805
Makoto Shinkai,806
"Lee Kyoungmi, Yim Pilsung, Jeon Go-woon, Kim Jong-kwan",807
Ken Kwapis,808
Mandeep Kumar,809
Dito Montiel,810
Varun Narvekar,811
Nic Mathieu,812
"Shannon Hartman, Michelle Caputo",813
Roger Gual,814
Rob Burnett,815
Jason Krawczyk,816
Eric Laneuville,817
"Scott Hussion, Seth Fuller",818
Nathan Morlando,819
Christian Duguay,820
Najwa Najjar,821
Sidheswar Shukla,822
Jonathan Clay,823
Lance Young,824
Santhosh Viswanath,825
Stephen Chiodo,826
Gupse Özay,827
Daniel Yee Heng Chan,828
Hashim Nadeem Khan,829
Sameer Sharma,830
Sang-ho Yeon,831
Matthias Hoene,832
Oskar Santos,833
Alberto Rodríguez,834
Kevin Reynolds,835
Atom Egoyan,836
Nils Tavernier,837
"Ali Taner Baltacı, Cem Yılmaz",838
Sam Taylor-Johnson,839
Isaac Ezban,840
Antoine Fuqua,841
"Michael Spierig, Peter Spierig",842
Robert Rodriguez,843
Maite Ruiz De Austri,844
Sydney Sibilia,845
Kim Nguyen,846
Sekhar Kammula,847
Devika Bhagat,848
Karan Johar,849
Mikhil Musale,850
Vadim Jean,851
Matt D'Avella,852
"Drea Cooper, Zackary Canepari",853
Amar Kaushik,854
Feroz,855
Madhur Bhandarkar,856
Michael Barnett,857
Tony Elliott,858
"Sophie Robinson, Lotje Sodderland",859
Timothy Woodward Jr.,860
Toby Haynes,861
Onur Ünlü,862
Dash Shaw,863
Christophe Honoré,864
Paul Raschid,865
Anirban Majumder,866
Seyi Babatope,867
Kathryn Fasegha,868
Colin Trevorrow,869
Andy Tennant,870
Ryan Crego,871
One9,872
Glendyn Ivin,873
Carlos Sorín,874
Terrie Samundra,875
Nguyen Thanh Tung,876
Ferzan Özpetek,877
Richard Gabai,878
Sebastian DiNatale,879
Vijay Kumar Arora,880
Scott McAboy,881
Anubhav Sinha,882
Frank Ariza,883
Daniel Gray Longino,884
Amarjit Virdi,885
Saket Behl,886
Patricia Ferreira,887
Matthew Salleh,888
"Aaron Hancox, Michael McNamara",889
Jack Starrett,890
Sanjeev Gupta,891
Luca Vullo,892
Jenna Laurenzo,893
Oren Peli,894
René Pérez Joglar,895
Adam Alleca,896
Gillian Armstrong,897
"Robert Cannan, Ross Adam",898
Bunmi Ajakaiye,899
Sachin Yardi,900
Veronica Velasco,901
Jose Gomez,902
Michael Fimognari,903
"Eric Summer, Éric Warin",904
Eddie Rosas,905
Puri Jagannadh,906
Renzil D'Silva,907
Athiyan Athirai,908
Yuki Yamato,909
"Marta Jaenes, Rosa Márquez",910
Matt Tyrnauer,911
Rayka Zehtabchi,912
Samit Kakkad,913
Prasobh Vijayan,914
Han Yan,915
Robert Smigel,916
Alexandra Dean,917
Steve Antin,918
Corbin Bernsen,919
Nagraj Manjule,920
Lucy van Beek,921
Max Martini,922
Theo Davies,923
Scott Stewart,924
Peter Galison,925
Jonathon Link,926
Khalid Rahman,927
Jason Paul Laxamana,928
Atul Sabharwal,929
Alejandro Montiel,930
Madeleine Parry,931
Spike Jonze,932
Manoj Beedha,933
Olaf de Fleur,934
Sartaj Singh Pannu,935
Jeffrey Walker,936
Hayao Miyazaki,937
Florian Schnell,938
"Paul Taublieb, Jon Freeman",939
Mark O'Connor,940
Eric Stoltz,941
Chris McCoy,942
Anthony Bell,943
Jamie M. Dagg,944
Francis Ford Coppola,945
Bin Bunluerit,946
Jeffrey Nachmanoff,947
Ricardo Trogi,948
Anton Corbijn,949
Tim Johnson,950
Seema Pahwa,951
Kongkiat Khomsiri,952
Stefan Westerwelle,953
Joseph Hsu,954
Ross Kauffman,955
Gina Prince-Bythewood,956
"Fajar Bustomi, Pidi Baiq",957
Mysskin,958
Felipe Cano,959
Theo Love,960
Woo Min-ho,961
Johan Brisinger,962
Raúl Arévalo,963
"Scott Aukerman, Akiva Schaffer",964
Sharon Grimberg,965
Çagan Irmak,966
Camilla Nielsson,967
Jonathan Baker,968
"Chatchai Katenut, Manussa Vorasingha, Tanwarin Sukkhapisit, Poj Arnon",969
Raj B. Shetty,970
Matt Wechsler,971
Peter Hewitt,972
K.S. Ravikumar,973
"Måns Mårlind, Björn Stein",974
Soudade Kaadan,975
Hayden Guppy,976
Alex Ranarivelo,977
"Josh Z. Weinstein, Joshua Z. Weinstein",978
Odunlade Adekola,979
Fernando Meirelles,980
Sergio Pablos,981
Padraic McKinley,982
Ben Young,983
"Fluvio Iannuci, Roly Santos",984
Lydia Tenaglia,985
Andy Goddard,986
Philip Marlatt,987
Michael Winnick,988
Brett Ratner,989
Josh Webber,990
Ian MacAllister-McDonald,991
Benjamin Ross,992
Kim Seong-hun,993
Kiran Rao,994
Troy Miller,995
Tate Taylor,996
Eric D. Cabello Díaz,997
Darragh O'Connell,998
Shyam Benegal,999
Glen Keane,1000
Paul Verhoeven,1001
"Hideaki Anno, Kazuya Tsurumaki",1002
Trisha Ziff,1003
Tinge Krishnan,1004
Vibeke Idsøe,1005
Chris Moukarbel,1006
"Peter Middleton, James Spinney",1007
Joel Oliansky,1008
Chris Bell,1009
"Anthony Russo, Joe Russo",1010
"Volker Arzt, Angelika Sigl",1011
Marita Grabiak,1012
Neil LaBute,1013
Brett Harvey,1014
Hans Petter Moland,1015
"Victor Dal Chele, Alfred Gimeno",1016
Steven Zaillian,1017
Greg Mottola,1018
Rudradeep Bhattacharjee,1019
Brent Maddock,1020
James Redford,1021
Esteban Crespo,1022
Randa Chahal Sabbag,1023
Donick Cary,1024
Sean Baker,1025
Jeethu Joseph,1026
James Dearden,1027
Thiagarajan Kumararaja,1028
Yann Gozlan,1029
Adam Bhala Lough,1030
Gauravv K Chawla,1031
Felix Chong,1032
Peter Ho,1033
Curro Velázquez,1034
"Evan Spiridellis, Jeff Gill",1035
Brian Knappenberger,1036
Karl Mueller,1037
Roy Campanella II,1038
Michael Lennox,1039
Trey Haley,1040
Shivendra Singh Dungarpur,1041
Maya Zinshtein,1042
Stuart Orme,1043
Sukhbir Singh,1044
Douglas Attal,1045
Jay Oliva,1046
Henri Wong,1047
Muhammad Ali,1048
Monica Floyd,1049
Vibhu Virender Puri,1050
Satish Rajwade,1051
Hassan AbdulSalam,1052
Eddie Mensore,1053
Harvey Lowry,1054
Vincenzo Natali,1055
"Luis Alberto Restrepo, Andrés Beltrán, Jaime Rayo",1056
"Kobun Shizuno, Hiroyuki Seshita",1057
Anne Fletcher,1058
Rene Bueno,1059
Joaquín Mazón,1060
David Batty,1061
Debra Granik,1062
Saratswadee Wongsomphet,1063
Kyohei Ishiguro,1064
Chow Hin Yeung Roy,1065
Chris Gorak,1066
Rajat Kapoor,1067
Shubham Singh,1068
Salvador Calvo,1069
Adriana Trigiani,1070
Inas El-Degheidy,1071
Michel Hazanavicius,1072
"Shashanka Ghosh, Samit Basu",1073
Mat King,1074
Kunal Deshmukh,1075
Kevin Layne,1076
Ramón Salazar,1077
Jorge Hernandez Aldana,1078
Josh Greenbaum,1079
Vivieno Caldinelli,1080
Christian Gudegast,1081
Andrés Couturier,1082
John Barnard,1083
Param Gill,1084
"Pedro de Echave García, Pablo Azorín Williams",1085
Roger Donaldson,1086
Marcelo Piñeyro,1087
Zack Snyder,1088
Roger Kumble,1089
Jeferson De,1090
"Ellena Wood, Jesse Vile",1091
Stacie Passon,1092
Cho Il,1093
"Junior Carelli, Rudge Campos",1094
Andaç Haznedaroğlu,1095
Tarun Mansukhani,1096
Rodrigo Reyes,1097
Aadish Keluskar,1098
Aditya Sarpotdar,1099
Jang Jae-hyun,1100
Atharv Baluja,1101
Mariano Baez,1102
Jon Alpert,1103
Brent Bonacorso,1104
Bryce Wagoner,1105
"Scott Mosier, Yarrow Cheney",1106
Alex Garland,1107
John Stockwell,1108
Giancarlo Esposito,1109
Ed Lilly,1110
Sebastián Schindel,1111
Nick Castle,1112
Fernando Moro,1113
Todd Phillips,1114
James Toback,1115
Ryan Coogler,1116
Francis Whately,1117
Mark Steven Johnson,1118
Chris Miller,1119
Pascal Amanfo,1120
"Regina Welker, Nina Wels",1121
Armando Iannucci,1122
"Pablo Stoll, Juan Pablo Rebella",1123
Rhys Thomas,1124
Nicole Holofcener,1125
Claude Lelouch,1126
Perry Lang,1127
Note Chern-Yim,1128
Yang Lei,1129
"Andrew Tan, Stephen Murray",1130
Anthony Scott Burns,1131
David Shisgall,1132
Abel Ferrara,1133
Storm Theunissen,1134
"Kirk DeMicco, Brandon Jeffords",1135
Kelly Fremon Craig,1136
Juraj Šajmovič,1137
Ally Pankiw,1138
Samuel Olatunji,1139
Pass Patthanakumjon,1140
Bejoy Nambiar,1141
Jude Weng,1142
Indra Kumar,1143
Duncan McMath,1144
S.A. Zaidi,1145
Matthew Ross,1146
Romain Gavras,1147
Matheus Souza,1148
Nick Simon,1149
Drew Heriot,1150
Go Koga,1151
Raj Amit Kumar,1152
Woo Ming Jin,1153
Bob Odenkirk,1154
Shin-yeon Won,1155
"Royale Watkins, Rich Schlansker",1156
"Johane Matte, Andrew L. Schmidt, Francisco Ruiz Velasco",1157
Daniel Růžička,1158
Rae Red,1159
Kevin Macdonald,1160
Dimitri Logothetis,1161
Sue Kim,1162
"Hiromasa Yonebayashi, Yoshiyuki Momose, Akihiko Yamashita",1163
Lonzo Nzekwe,1164
Nadia Hallgren,1165
Vlad Yudin,1166
"Corey Yuen, Patrick Leung",1167
Nuel Naval,1168
James Marsh,1169
Chandan Arora,1170
Sabir Khan,1171
Kirby Dick,1172
Rene Liu,1173
Marja Lewis Ryan,1174
Ritesh Batra,1175
Avinash Das,1176
Charneice Fox,1177
"Callie Khouri, Jesse V. Johnson",1178
Sanjay Dayma,1179
Sanjay Soorkar,1180
Tommy Avallone,1181
"Mohammed El-Tahawy, Mohamed Mostafa",1182
"Ben Brewer, Alex Brewer",1183
Richard LaGravenese,1184
"Bobby Farrelly, Peter Farrelly",1185
Courtney Hunt,1186
Cosima Spender,1187
Rajkumar Santoshi,1188
Navjot Gulati,1189
Wagner de Assis,1190
Rocky Soraya,1191
Nottapon Boonprakob,1192
Ana Lily Amirpour,1193
Arun Chidambaram,1194
Chang-Min Lee,1195
Lisa Arnold,1196
"Wong Jing, Jason Kwan",1197
Feng Xiaogang,1198
Eugenio Derbez,1199
"Dan Fraga, William Lau",1200
Venugopan,1201
"Jevons Au, Zune Kwok, Chow Kwun-wai, Ng Ka-Leung, Wong Fei-Pang",1202
Andy Devonshire,1203
Ahn Byoung-wook,1204
Greg Barker,1205
Ravi Babu,1206
Matt Shakman,1207
"Igor Kovalyov, Norton Virgien",1208
Julio Fernández Talamantes,1209
Hong-seon Kim,1210
"Joachim Fest, Christian Herrendoerfer",1211
Yuen Wo-Ping,1212
Brian De Palma,1213
Brett Whitcomb,1214
Eric Drath,1215
John Dower,1216
Jon Favreau,1217
Gregory Plotkin,1218
Jen McGowan,1219
Oliver Bokelberg,1220
Avinash Walzade,1221
Steve Bencich,1222
Daniel Calparsoro,1223
Roy Poortmans,1224
Mangesh Hadawale,1225
Mariano Barroso,1226
Sachin Kamlakar Khot,1227
Gonzalo Bendala,1228
Amal Neerad,1229
Ranjit Tiwari,1230
Jeff Garlin,1231
L. Frazier,1232
Jason Moore,1233
Adam MacDonald,1234
Rudy Soedjarwo,1235
Nicholas Stoller,1236
Ian Kirby,1237
Chun Wong,1238
Chia Tang,1239
"Clementine Malpas, Leslie Knott",1240
Curtis Hanson,1241
Raja Gosnell,1242
Drake Doremus,1243
Michelle MacLaren,1244
Joe Wright,1245
"David 'Tosh' Gitonga, Michael Jones",1246
Jan Komasa,1247
Lynn Novick,1248
"Paul Krüger, Anél Stolp",1249
Jean-Claude Flamand-Barny,1250
Isabel Coixet,1251
"Hanung Bramantyo, Meisa Felaroze",1252
Onir,1253
Oded Raz,1254
"Anthony Abrams, Adam Larson Broder",1255
John Butler,1256
"Seth Barrish, Mike Birbiglia",1257
Jorge Michel Grau,1258
Pieter Kuijpers,1259
"Will Lovelace, Dylan Southern",1260
Asif Kapadia,1261
Scott Martin,1262
Rupert Jones,1263
Jakob Verbruggen,1264
"Jayson Thiessen, Ishi Rudell",1265
David Dhawan,1266
Vince Marcello,1267
Femi D. Ogunsanwo,1268
Matthew Heineman,1269
Theodore Witcher,1270
Rako Prijanto,1271
Sam Irvin,1272
James Bamford,1273
Prasanth Varma,1274
Rucha Humnabadkar,1275
Mahmoud Sabbagh,1276
Joe Swanberg,1277
Richard Mears,1278
Justin Chon,1279
Tim Van Someren,1280
Meng Hua Ho,1281
Stuart Heisler,1282
Leanne Gater,1283
Huang Lei,1284
Daniel Schechter,1285
Selçuk Aydemir,1286
Rajesh Mapuskar,1287
Phil Burgers,1288
Derick Cabrido,1289
Sammaria Sari Simanjuntak,1290
Fernando González Molina,1291
Mick Grogan,1292
Matt Kay,1293
Mana Yasuda,1294
Alain Desrochers,1295
Errol Morris,1296
Ali Scher,1297
Elvira Lind,1298
Andrew Sandler,1299
B.N. Shajeer Sha,1300
Richard Bailey,1301
Maya Gallus,1302
Krzysztof Zanussi,1303
"Alex Woo, Stanley Moore",1304
Sylvain White,1305
Lee Kae-byeok,1306
Manjari Makijany,1307
Oluseyi Asurf,1308
Francesco Amato,1309
Monika Mitchell,1310
Thomas Vinterberg,1311
Lukas Dhont,1312
Saket Chaudhary,1313
Kim Jee-woon,1314
Jordan Brady,1315
Abhishek Varman,1316
Iñaki Dorronsoro,1317
"Gastón Duprat, Mariano Cohn",1318
Mel Smith,1319
Ali Taner Baltacı,1320
Jon Turteltaub,1321
Vijay Jayapal,1322
Edgar Wright,1323
Brian Smith,1324
Jonathan Sobol,1325
Phillip Noyce,1326
Jim Henson,1327
Alice Filippi,1328
Rod Daniel,1329
Mahmoud Karim,1330
Jim Field Smith,1331
Svetlana Cvetko,1332
Justin Kelly,1333
"Akshay Sanjeev Chavan, Sumit Das",1334
"Justin Benson, Aaron Moorhead",1335
John Luessenhop,1336
Rahul Ravindran,1337
Juan Antin,1338
"Riki Lindhome, Jeremy Konner",1339
Daniel Lee,1340
Martin Hodara,1341
Ian Barber,1342
Alastair Fothergill,1343
Ifa Isfansyah,1344
Huang Jianming,1345
Ashim Ahluwalia,1346
John Upchurch,1347
"Denis Hennelly, Casey Suchan",1348
Mickey Liddell,1349
"Ron Clements, John Musker",1350
Raam Reddy,1351
Jorge Blanco,1352
Ahmed Siddiqui,1353
Vondie Curtis-Hall,1354
"Manny Rodriguez, Jay Lavender",1355
Clara Martínez-Lázaro,1356
Chanda Bell,1357
Oz Rodriguez,1358
Michelle Johnston,1359
Mandie Fletcher,1360
Gangadhar Salimath,1361
Amit Saxena,1362
Sean Hanish,1363
"Katy Chevigny, Ross Kauffman",1364
Sung-soo Kim,1365
Philipp Stölzl,1366
Ayush Raina,1367
Kazuaki Kiriya,1368
Kevan Peterson,1369
Angel Kristi Williams,1370
Yuval Adler,1371
Cheng Wei-hao,1372
Okey Oku,1373
"Lindsey Cordero, Armando Croda",1374
Page Hurwitz,1375
David Moreton,1376
Lucas Margutti,1377
Michael M. Scott,1378
Jeremiah Jones,1379
Carlo Padial,1380
Bronwen Hughes,1381
Dilip Mehta,1382
Marco Dutra,1383
Jeannie Gaffigan,1384
Chandrakant Kulkarni,1385
Joe Camp,1386
Quinn Lasher,1387
Mark Tonderai,1388
Ziga Virc,1389
Eric Zaragosa,1390
Zatella Beatty,1391
Lewis Milestone,1392
Husam El-Gohari,1393
"Dennis Scholl, Kareem Tabsch",1394
"Hanns-Bruno Kammertöns, Vanessa Nöcker, Michael Wech",1395
Thom Fitzgerald,1396
Johannes Roberts,1397
Marwan Nabil,1398
Naseef Yusuf Izuddin,1399
Sean Penn,1400
David Hunt,1401
Trey Edward Shults,1402
Sittisiri Mongkolsiri,1403
"Ibrahim Bin Mohamed, Hasan Aljaberi",1404
"Rusty Cundieff, Darin Scott",1405
Han Qing,1406
Jay Bulger,1407
K. Rajagopal,1408
David Schalko,1409
Buta Singh,1410
Daniel Noah,1411
Martin Rosete,1412
"Dana Nachman, Don Hardy Jr.",1413
Malik Bendjelloul,1414
Gregg Bishop,1415
Mimi Leder,1416
Sunil Soraya,1417
Lijo Jose Pellissery,1418
Spike Lee,1419
Jonathan Teplitzky,1420
Nick Moore,1421
Yasmin Ahmad,1422
"Sabaah Folayan, Damon Davis",1423
Navdeep Singh,1424
Megha Ramaswamy,1425
Deepti Naval,1426
"Karim Amer, Jehane Noujaim",1427
Bert Marcus,1428
David Mackenzie,1429
Ryan Koo,1430
Karyn Kusama,1431
Craig Goodwill,1432
Prawal Raman,1433
David Raynr,1434
"Phil Lord, Christopher Miller",1435
Phil Alden Robinson,1436
Ric Roman Waugh,1437
Alain Brunard,1438
Davis Guggenheim,1439
Sachin Kundalkar,1440
Gurmmeet Singh,1441
Paco Aguilar,1442
Jeff Tomsic,1443
Lee Toland Krieger,1444
Gilbert Chan,1445
Dhanush,1446
"Terry Hughes, Ian MacNaughton",1447
Elaine McMillion Sheldon,1448
Sarah Adina Smith,1449
Manika Sharma,1450
Susan Glatzer,1451
Julius Avery,1452
"Grant Korgan, Brian Niles",1453
Lone Scherfig,1454
Paul Feig,1455
Mario Van Peebles,1456
Daniel Sandu,1457
Bill Condon,1458
Renuka Shahane,1459
Hong Won-ki,1460
Vikas Bahl,1461
Hamad AlSarraf,1462
Padraig Reynolds,1463
Karan Malhotra,1464
Rami Hachache,1465
Petra Costa,1466
Datta Mohan Bhandare,1467
Johnny Kevorkian,1468
Tinu Pappachan,1469
Scott L. Montoya,1470
Michael Paul Stephenson,1471
Hannes Stöhr,1472
"Felix Van Groeningen, Felix van Groeningen",1473
Asim Abbasi,1474
Ken Hughes,1475
Kranti Kanade,1476
Bruce Gowers,1477
Dustin McKenzie,1478
"Jeremy Coon, Tim Skousen",1479
"Andrew Lau Wai-Keung, Andrew Loo",1480
Joshua Oppenheimer,1481
Satyajit Bhatkal,1482
Bashir El Deek,1483
Siddique,1484
Hussein Kamal,1485
Caio Cobra,1486
"Ellen Page, Ian Daniel",1487
Dante Lam,1488
Alfonso Cuarón,1489
Samuel Jouy,1490
Isaac Rentz,1491
Hiroyuki Seshita,1492
Eduardo Casanova,1493
Riccardo Pilizzeri,1494
Bharat Jain,1495
Barak Goodman,1496
Pablo Parés,1497
Marcelo González,1498
Kelly Noonan,1499
Elizabeth Chai Vasarhelyi,1500
"Adele K. Thomas, Richard Bailey",1501
Sonia Lowman,1502
Brett Weiner,1503
Stephen Frears,1504
Shen Leping,1505
Kingsley Ogoro,1506
Peter Hutchings,1507
Uzodinma Okpechi,1508
Adrián García Bogliano,1509
Michèle Ohayon,1510
Shaun Mir,1511
Apurva Dhar Badgaiyann,1512
Ayman Makram,1513
"Sebastian Jones, Ramez Silyan",1514
Prabhu Deva,1515
Mahmoud al Massad,1516
Praveen Nischol,1517
Jeff Margolis,1518
Julian Jarrold,1519
"Fernando Meirelles, Katia Lund",1520
Steve Carr,1521
Alexandros Avranas,1522
Mark Murphy,1523
"Kazuchika Kise, Masahiko Murata",1524
Amardeep Singh Gill,1525
Sopon Sukdapisit,1526
Jaki Bradley,1527
Wes Craven,1528
"Banjong Pisanthanakun, Parkpoom Wongpoom",1529
Satish Manwar,1530
Mario Mattei,1531
Steven R. Monroe,1532
Kyle Rankin,1533
Joshua Rofé,1534
Susan Lacy,1535
Sofia Coppola,1536
John Madden,1537
Xiao Feng,1538
"Hsu Chih-yen, Mag Hsu",1539
Myriam Aziza,1540
Jennifer Morrison,1541
Maria Sadowska,1542
Onur Tukel,1543
Richard Michaels,1544
Padmakumar Narasimhamurthy,1545
Greg Kohs,1546
Saara Cantell,1547
Johnny Martin,1548
Christel Gibson,1549
Paul Katis,1550
Pulkit,1551
William Monahan,1552
Stanisław Różewicz,1553
Chris Burkard,1554
Cédric Jimenez,1555
Matt Ogens,1556
"Sidharta Tata, Aco Tenriyagelli, Dian Sastrowardoyo, Ifa Isfansyah, Jason Iskandar",1557
Oriol Paulo,1558
Darren Lynn Bousman,1559
Shaun Paul Piccinino,1560
Yen Cheng-kuo,1561
Beyoncé Knowles-Carter,1562
Gastón Duprat,1563
Kader Aoun,1564
Yesim Ustaoglu,1565
"Felix Herngren, Måns Herngren",1566
David Marmor,1567
Toa Fraser,1568
Jason Winer,1569
Michael Petroni,1570
David Gelb,1571
Sanjay Gupta,1572
Tathagata Banerjee,1573
Tim Maltby,1574
Giulia Clark,1575
Anil Sharma,1576
Damien Leone,1577
Brandon Dickerson,1578
Lynn Shelton,1579
Valli Bindana,1580
Leslie Iwerks,1581
Richard Shepard,1582
Thom Zimny,1583
Isabelle Nanty,1584
"Barbra Streisand, Jim Gable",1585
Rahul Dholakia,1586
Sohail Tatari,1587
Indrasis Acharya,1588
John Bridcut,1589
Benny Fine,1590
Manbhavan Singh,1591
Wim Wenders,1592
Storm Saulter,1593
Troy Byer,1594
Wolfgang Petersen,1595
Michael Ritchie,1596
John Hughes,1597
Alessandra de Rossi,1598
Daniel Prochaska,1599
Abhinay Deo,1600
BB Sasore,1601
Liao Shih-han,1602
Santiago Alvarado Ilarri,1603
James Tovell,1604
Lee Hirsch,1605
Steven Rinella,1606
Oyefunke Fayoyin,1607
Steve Rash,1608
Josh Aronson,1609
Ram,1610
"Vikas Bahl, Nitesh Tiwari",1611
Prem Soni,1612
"Jill Bauer, Ronna Gradus, Rashida Jones",1613
Wyatt Cenac,1614
Stanley Kubrick,1615
Simon Wells,1616
Hrishikesh Mukherjee,1617
Bassam Kurdali,1618
Michael Whitton,1619
Lee Fulkerson,1620
Ananth Narayan Mahadevan,1621
Amar Gupte,1622
Li Pei-Chuan,1623
James Foley,1624
"Chris Bell, Josh Alexander, Greg Young",1625
Dharmendra Suresh Desai,1626
Mark Herman,1627
Michael G. Kehoe,1628
James Brown,1629
Not Given,1630
Kinka Usher,1631
Magnus Martens,1632
Bong Joon Ho,1633
"Don Argott, Sheena M. Joyce",1634
Stanley Nelson,1635
Faris Godus,1636
Rod Lurie,1637
Vijay Maurya,1638
Ali Ragab,1639
Wenn V. Deramas,1640
Deep Joshi,1641
Suman Ghosh,1642
Borja Cobeaga,1643
Nabil Ayouch,1644
Alistair Legrand,1645
Aamir Bashir,1646
Arne Birkenstock,1647
Philipp Eichholtz,1648
Ilya Naishuller,1649
Manish Tiwary,1650
Deepika Narayan Bhardwaj,1651
"Ben Bowie, Geoff Luck",1652
Ekachai Uekrongtham,1653
John Papola,1654
"William Eubank, Will Eubank",1655
Hsu Fu-chun,1656
Marie Clements,1657
Cris D'Amato,1658
Mostafa Abu Seif,1659
Kanika Batra,1660
Laura Mañá,1661
Naoto Amazutsumi,1662
Danny Cannon,1663
Chi Keung Fung,1664
Kate Horne,1665
Erik White,1666
Noriyuki Abe,1667
"Roger Graef, James Rogan",1668
Andrew Bujalski,1669
Tamer Bassiouni,1670
Jay Surridge,1671
David Grossman,1672
Law Wing-cheong,1673
"Surya S.J., Sunil Kumar Agrawal",1674
Justin McConnell,1675
Sarah Moshman,1676
Lars von Trier,1677
Dino Risi,1678
Peter Nicks,1679
Buz Wallick,1680
Drew Stone,1681
Kongkiat Komesiri,1682
Sharan Koppisetty,1683
Daniel Markowicz,1684
Steven Tsuchida,1685
Oliver Stone,1686
Zhang Yimou,1687
André D'Elia,1688
Nonzee Nimibutr,1689
Vincent Kok,1690
Aziz Mirza,1691
Adam Wingard,1692
Pat Healy,1693
Evan Katz,1694
"Don Bluth, Gary Goldman, Dan Kuenster",1695
Mike Nicoll,1696
Brendan Byrne,1697
John Scheinfeld,1698
Caradog W. James,1699
Joe Boyd,1700
Noah Moskin,1701
Michael Pressman,1702
Na Hyeon,1703
Dibakar Banerjee,1704
Edward Drake,1705
Robin Bissell,1706
"MIKIKO, Daito Manabe",1707
"Barbara Białowąs, Tomasz Mandes",1708
Jeff Chan,1709
Michael J. Bassett,1710
Shazia Ali Khan,1711
Raj Babu,1712
Sean Olson,1713
Nandita Das,1714
Fernando Colomo,1715
Víctor García,1716
Khaled El Halafawy,1717
Shadi Ali,1718
P.K. Baaburaaj,1719
Hari Viswanath,1720
Amitava Bhattacharya,1721
Emil Ben-Shimon,1722
"Alex Smith, Andrew J. Smith",1723
George Nolfi,1724
"Rajveer Singh Maan, Harpeet Singh",1725
Jay Roach,1726
Don Michael Paul,1727
Mae Czarina Cruz,1728
"Andrew Duncan, Ken Cunningham",1729
Jun Lana,1730
Edoardo Ponti,1731
Estela Renner,1732
Daniel Effiong,1733
Gaspar Antillo,1734
Jon M. Chu,1735
Jérémy Clapin,1736
Marco Bonfanti,1737
"Alex Díaz, Marcos Bucay",1738
Rakeysh Omprakash Mehra,1739
Norberto López Amado,1740
Mario Rouleau,1741
Jordi Llompart,1742
Clive Tonge,1743
Kenneth Müller,1744
Richard Kelly,1745
Alan J. Pakula,1746
Adam Smith,1747
Morgan Matthews,1748
Tensai Okamura,1749
Saurabh Kabra,1750
Jaume Balagueró,1751
David Slade,1752
Ashutosh Gowariker,1753
Jamie Babbit,1754
Ringo Lam,1755
Ian Cheney,1756
David Galán Galindo,1757
Nathan Wiley,1758
Jonathan Augustin,1759
Cüneyt Kaya,1760
Brian Webber,1761
Thomas Astruc,1762
Ron Oliver,1763
Karan Anshuman,1764
Vince Gilligan,1765
Lee Jeong-beom,1766
Xavier Gens,1767
Sebastián Hofmann,1768
Halder Gomes,1769
Jaivi Dhanda,1770
So Yong Kim,1771
"Isaki Lacuesta, Isa Campo",1772
Stephen Daldry,1773
Sabal Singh Shekawat,1774
Raj Kanwar,1775
Ui-seok Jo,1776
"Ishi Rudell, Jayson Thiessen",1777
"Arjun Gourisaria, Moinak Biswas",1778
Saul Dibb,1779
Rob Smat,1780
Jane Campion,1781
David Zucker,1782
Trevor Nunn,1783
Joshua Zeman,1784
Can Ulkay,1785
Samar Shaikh,1786
Reinhard Klooss,1787
Bernardo Arellano,1788
Sergei Bodrov,1789
Sibusiso Khuzwayo,1790
Anthony D'Souza,1791
Cristi Puiu,1792
Danny Boyle,1793
Tudor Giurgiu,1794
Rai Yuvraj Bains,1795
Anant Balani,1796
Gaurav Narayanan,1797
"Roberta Grossman, Sophie Sartain",1798
Michael Barrett,1799
"Ali Bin Matar, Ibrahim Bin Mohamed",1800
Raz Degan,1801
Erik Nelson,1802
Derek Cianfrance,1803
Todd Haynes,1804
Daniel Raim,1805
"Paul Reubens, Wayne Orr",1806
John Duigan,1807
Ivan Reitman,1808
Sofie Šustková,1809
Julia von Heinz,1810
Mike Hodges,1811
"Lydia Dean Pilcher, Ginny Mohler",1812
"Chang Chin-jung, Chen Rong-hui",1813
Thor Freudenthal,1814
Mike Doyle,1815
"Dave Skinner, Freddie Waters",1816
"Nate Adams, Adam Carolla",1817
Will Eisenberg,1818
Chris Sparling,1819
Brittany Andrews,1820
Sarik Andreasyan,1821
Agnidev Chatterjee,1822
Colin Teague,1823
"Roger Allers, Jill Culton",1824
Bhagyaraj,1825
Kevin Derek,1826
Gary Michael Schultz,1827
Steven Spielberg,1828
David Gordon Green,1829
Gary Fleder,1830
Theodore Boborol,1831
Maroun Baghdadi,1832
Sudhir Mishra,1833
Obaid Alhmoudi,1834
Ashok Nanda,1835
Perci Intalan,1836
Navinder Pal Singh,1837
John L. Spencer,1838
Álex de la Iglesia,1839
Alejandra Márquez Abella,1840
Phil Joanou,1841
Jennifer Phang,1842
Matt Piedmont,1843
Doug Lefler,1844
"Joachim Rønning, Espen Sandberg",1845
Christian Ditter,1846
Liv Ullmann,1847
Kevin Hooks,1848
"Charlie Haskell, Koichi Sakamoto",1849
Milan Luthria,1850
Chris Weitz,1851
Amr Salama,1852
Luis Ara,1853
"Cody Cameron, Kris Pearn",1854
"Steven Bognar, Julia Reichert",1855
Richard Greenberg,1856
Josef Fares,1857
Álvaro Delgado-Aparicio L.,1858
Angshuman Ghosh,1859
Shelly Chopra Dhar,1860
Stuart Sender,1861
"Michael Simon, Matthew McNeil",1862
Christopher Guest,1863
Abhay Chopra,1864
"Mike Smith, John Paul Tremblay, Robb Wells",1865
Jay Baruchel,1866
Colin Dench,1867
David Silberg,1868
Janusz Majewski,1869
Tomer Heymann,1870
Corey Grant,1871
Sumit Das,1872
Gitanjali Rao,1873
Rizki Balki,1874
Haruka Fujita,1875
Craig Brewer,1876
"John Haptas, Kristine Samuelson",1877
Hao Wu,1878
Sathyan Anthikad,1879
Maryo J. De los Reyes,1880
Enrique García Meza,1881
Adam Del Giudice,1882
Hoyt Yeatman,1883
Akiva Schaffer,1884
Karan Lalit Butani,1885
Dorian Fernández-Moris,1886
Sanjay Patel,1887
Bryan Bertino,1888
Lucky Kuswandi,1889
Scott Spiegel,1890
Michael Jai White,1891
Tony Giglio,1892
Huang Hsin-Yao,1893
Farishad I. Latjuba,1894
Sneha Taurani,1895
Lars Klevberg,1896
Robbie Countryman,1897
Marcelo Galvão,1898
Terry Jones,1899
Benjamin Arfmann,1900
Bo Welch,1901
C. Fitz,1902
Deniz Gamze Ergüven,1903
"Bob Hercules, Rita Coburn Whack",1904
"Mike Fetterly, Steve Sacks",1905
Natalia Garagiola,1906
Scott Walker,1907
Alison MacLean,1908
Kirati Nakintanon,1909
Todor Chapkanov,1910
"Jérémie Degruson, Ben Stassen",1911
"Alejandro Ruax, Ramiro Martínez",1912
Kristian Mercado,1913
Marc Fouchard,1914
Axelle Laffont,1915
Ahmed Medhat,1916
Mukul Anand,1917
Gaurav Bavdankar,1918
"Jacob Joice, Steve Ball",1919
Gerardo Olivares,1920
"Elaine Bogan, John Sanford",1921
Don Bluth,1922
Henrik Martin Dahlsbakken,1923
Ben Patterson,1924
"Linda Saffire, Adam Schlesinger",1925
V. Scott Balcerek,1926
Floyd Russ,1927
Aditya Kripalani,1928
Sohail Khan,1929
Jan-Peter Horns,1930
Arati Kadav,1931
Abbas Mustan,1932
Savage Steve Holland,1933
Sion Sono,1934
"Pantham Thongsang, Cheewatan Pusitsuksa",1935
Rob Zombie,1936
Selima Taibi,1937
M.J. Isakson,1938
Liu Jie,1939
Gajendra Ahire,1940
James Sweeney,1941
Kasper Barfoed,1942
"Ossama Abu El Atta, Tarek Al Eryan",1943
"William Wyler, John Sturges",1944
Suhas Kadav,1945
"Chapman Way, Maclain Way",1946
Quoc Bao Tran,1947
Kayode Kasum,1948
Buchi Babu Sana,1949
Chris Smith,1950
Dolapo Adeleke,1951
"Jared Hess, Tyler Measom",1952
Filip Zylber,1953
Gil Baroni,1954
Adrian Teh,1955
Digo Ricio,1956
Debamitra Biswal,1957
Hernán Zin,1958
Brie Larson,1959
Bradley Walsh,1960
Kim A. Snyder,1961
Diego Cohen,1962
Israel Adrián Caetano,1963
Emily Hagins,1964
Greg Richardson,1965
Michael Drumm,1966
Ruben Fleischer,1967
Dave Patten,1968
Nanette Burstein,1969
Ira Sachs,1970
J.M. Berrios,1971
Rebecca Harrison,1972
Jayme Monjardim,1973
Tolga Örnek,1974
Prakash Jha,1975
Pavel Kostomarov,1976
"Chris Renaud, Kyle Balda",1977
Madeleine Gavin,1978
Michael A. Nickles,1979
Gideon Raff,1980
Franck Phelizon,1981
Seiji Mizushima,1982
Jimmy Henderson,1983
Christopher Murray,1984
Lô Politi,1985
July Hygreck,1986
Frederick Cipoletti,1987
Jeffrey W. Byrd,1988
Lenny Abrahamson,1989
Geoff Anderson,1990
Jon Gunn,1991
Wim Bonte,1992
Haile Gerima,1993
Christian Schwochow,1994
"Andrew Lau Wai-keung, Alan Mak",1995
Rob Seidenglanz,1996
Karthik Subbaraj,1997
"Mark Dennis, Ben Foster",1998
Angga Dwimas Sasongko,1999
Subhash Kapoor,2000
Vitor Brandt,2001
Sabrina Rochelle Kalangie,2002
Matt Eskandari,2003
Victor Gatonye,2004
Brad Silberling,2005
Shigeaki Kubo,2006
Eric Notarnicola,2007
Kwabena Gyansah,2008
"Vir Das, Ajay Bhuyan",2009
Steve Boettcher,2010
Roger Russell,2011
Jean-François Blais,2012
Tamta Gabrichidze,2013
Kitty Green,2014
"Rob LaDuca, Robert C. Ramirez",2015
Larry Latham,2016
Adam Wood,2017
Tom Holland,2018
"Anthony Scott Burns, Nicholas McCarthy, Adam Egypt Mortimer, Gary Shore, Kevin Smith, Sarah Adina Smith, Scott Stewart, Kevin Kolsch, Dennis Widmyer",2019
Brodje Wemboendja,2020
Leo Riley,2021
Barbara Kopple,2022
Sameer Vidwans,2023
Peter Fison,2024
Kyoko Miyake,2025
Anissa Bonnefont,2026
Paul Dugdale,2027
Leslie Small,2028
Puneet Khanna,2029
Javier Colinas,2030
Floria Sigismondi,2031
Gillian Robespierre,2032
Tugçe Soysop,2033
Mansore,2034
Vipin Parashar,2035
Julius R. Nasso,2036
Alethea Jones,2037
Dylan Howitt,2038
Lucien Jean-Baptiste,2039
Sandeep Chatterjee,2040
John Curran,2041
"Kang Cheng, Shan Hua",2042
Bob Rose,2043
Guy Vasilovich,2044
Chad L. Scheifele,2045
Nancy Meyers,2046
"Jerry Rothwell, Reuben Atlas",2047
"Lilly Wachowski, Lana Wachowski",2048
Russell Crowe,2049
Dhruv Dhawan,2050
Laura Fairrie,2051
Christine Luby,2052
Nicol Paone,2053
J.A. Bayona,2054
"Pippa Ehrlich, James Reed",2055
Faraday Okoro,2056
"André Odendaal, Johan Vorster",2057
Fuwad Khan,2058
Aanand Rai,2059
Ahmed Zein,2060
Craig Freimond,2061
Raj Khosla,2062
Michael Steiner,2063
Albert Sharpe,2064
Patrick Graham,2065
Katherine Dieckmann,2066
Hani Hamdi,2067
Oliver Daly,2068
"Vonda Harrell, Daniel Camenisch",2069
Trudie Styler,2070
Francis Lee,2071
Jon Schnitzer,2072
"Banjong Pisanthanakun, Paween Purikitpanya, Songyos Sugmakanan, Parkpoom Wongpoom, Visute Poolvoralaks",2073
"Anthony Caronna, Alexander Smith",2074
Scott Pleydell-Pearce,2075
Barry Levinson,2076
Youssef Chahine,2077
Brent Dawes,2078
John Hillcoat,2079
Brian Robbins,2080
Sue Ding,2081
Soham Shah,2082
Jadesola Osiberu,2083
Toka McBaror,2084
Jeremy Saulnier,2085
Garin Nugroho,2086
Reiner Holzemer,2087
Valeria Golino,2088
Neslihan Yesilyurt,2089
Steven Fine,2090
Debaloy Dey,2091
Aaron Burns,2092
Kelly Reichardt,2093
Peter Yost,2094
Mark Sloper,2095
"Mitzi Vanessa Arreola, Amir Galvan Cervera",2096
Johnny To,2097
Cedric Nicolas-Troyan,2098
Keishi Otomo,2099
"Ellen Seidler, Megan Siler",2100
Cai Cong,2101
Peyton Reed,2102
Jan Belcl,2103
Kunle Afolayan,2104
Greg McLean,2105
Almunsif Alsuwaisi,2106
Dennis Rovira van Boekholt,2107
"Jesse V. Johnson, Jesse Johnson",2108
Jim Strouse,2109
Shikha Makan,2110
"Justin Bare, Matthew Miele",2111
Lionel C. Martin,2112
Barry Jenkins,2113
Waymon Boone,2114
Richard Correll,2115
Philippe Falardeau,2116
Karen Moncrieff,2117
Pablo Agüero,2118
Felix Binder,2119
Krish,2120
Ravikanth Perepu,2121
Sameh Abdulaziz,2122
Safdar Rahman,2123
Lukasz Kosmicki,2124
David Lynch,2125
Kheiron,2126
Paul Urkijo Alijo,2127
Nick Davis,2128
Juan Zapata,2129
Katherine Fairfax Wright,2130
Kazuchika Kise,2131
Tiffanie Hsu,2132
Julián Gaviria,2133
Rano Karno,2134
David Hackl,2135
Kevin Costner,2136
Paul Soriano,2137
Unjoo Moon,2138
Honey Trehan,2139
Michael Duggan,2140
John Suits,2141
Sam Dunn,2142
Emir Kusturica,2143
"Joe Murray, Cosmo Segurson",2144
Parambrata Chatterjee,2145
Hari Nath,2146
Samu Fuentes,2147
Brandon Camp,2148
Julius Onah,2149
Lee Tamahori,2150
Charlie Siskel,2151
Emanuel Hoss-Desmarais,2152
John Crowley,2153
Tim Bartley,2154
Balu Mahendra,2155
Antonio Chavarrías,2156
Mads Matthiesen,2157
Cosmo Feilding-Mellen,2158
Michael Lockshin,2159
Duncan Skiles,2160
Joe Penna,2161
Hong Khaou,2162
Rana Eid,2163
Conrad Helten,2164
G.J. Echternkamp,2165
Yibrán Asuad,2166
Farhan Akhtar,2167
John Schultz,2168
Simon Napier-Bell,2169
Anthony Lucero,2170
Andrew Stanton,2171
Phil Morrison,2172
David L. Cunningham,2173
Andrew Douglas,2174
Kasra Farahani,2175
Michel Gondry,2176
Michael Apted,2177
Li Jun,2178
Helena Bergström,2179
Tiller Russell,2180
"Stanley Moore, Alex Woo",2181
Harshavardhan Kulkarni,2182
Peter Sullivan,2183
Mark Lewis,2184
Noah Baumbach,2185
Elías León,2186
Mark Ritchie,2187
Fritz Ofner,2188
"Joseduardo Giordano, Sergio Goyri Jr.",2189
Filip Renc,2190
Jessica Yu,2191
"Richard Finn, Tim Maltby",2192
Jason Cohen,2193
Jeffrey C. Bell,2194
Christian De Vita,2195
"JJC Skillz, Funke Akindele",2196
"Srijit Mukherji, Vasan Bala, Abhishek Chaubey",2197
Ricardo de Montreuil,2198
Paween Purijitpanya,2199
Jarand Herdal,2200
David LaChapelle,2201
Isabel Sandoval,2202
"Leslye Davis, Catrin Einhorn",2203
Phil Sgriccia,2204
Hernán Guerschuny,2205
Tim Hill,2206
Michael Bay,2207
Syamsul Yusof,2208
Vijay,2209
Doesjka van Hoogdalem,2210
"David Salzberg, Christian Tureaud",2211
Zeke Norton,2212
Greg MacGillivray,2213
Neil Triffett,2214
Anindya Chatterjee,2215
"Roger Allers, Gaëtan Brizzi, Paul Brizzi, Joan C. Gratz, Mohammed Saeed Harib, Tomm Moore, Nina Paley, Bill Plympton, Joann Sfar, Michael Socha",2216
Jeeva,2217
"Kirk De Micco, Chris Sanders",2218
Benjamin Turner,2219
Kimmy Gatewood,2220
Pedro Antonio,2221
Ricky Staub,2222
Lee Chung-hyun,2223
Tom Hooper,2224
Cory Edwards,2225
Mrighdeep Singh Lamba,2226
A. L. Vijay,2227
Andreas Pichler,2228
Dawn Porter,2229
Shreyas Talpade,2230
Marcel Barrena,2231
Rodolphe Guenoden,2232
Victor Zarcoff,2233
Brett Donowho,2234
Clay Porter,2235
Marty Stalker,2236
Mohd Khairul Azri Bin Md Noor,2237
"Frank Capra, Anatole Litvak",2238
Bart Freundlich,2239
Crystal Moselle,2240
Greg Berlanti,2241
Jameel Buari,2242
Lai Chun-yu,2243
Ross Boyask,2244
"Chris Roland, Maradona Dias Dos Santos",2245
Saravana Rajan,2246
Ramesh Talwar,2247
Jason Zada,2248
Amy Schumer,2249
Kavi Raz,2250
Tony Datis,2251
Ildiko Enyedi,2252
Craig Elrod,2253
Vanessa Roth,2254
Christopher Martin,2255
Alik Sakharov,2256
Mark Williams,2257
Dava Whisenant,2258
Fisher Stevens,2259
Sebastian Gutierrez,2260
Eric Juhola,2261
John Ford,2262
Mark Risley,2263
Miguel Alexandre,2264
Jonathan Hensleigh,2265
Ozan Açıktan,2266
Sean Anders,2267
Obi Emelonye,2268
"Rajiv Chilaka, Anirban Majumder, Alka Amarkant Dubey",2269
Francesco Lettieri,2270
Sunkanmi Adebayo,2271
Michel Tikhomiroff,2272
Steve Paley,2273
"Xiaoxing Yi, Yoshitaka Takeuchi, Haoling Li",2274
Samir Soni,2275
Michael Larnell,2276
Joel Crawford,2277
"Chris Buck, Jennifer Lee, Patrick Osborne, Lauren MacMullan, John Kahrs, Nathan Greno, Byron Howard, Stevie Wermers, Dean Wellins, Kevin Deters, Roger Allers, Mike Gabriel, Mark Henn",2278
Amman Abbasi,2279
Tony Zierra,2280
Luc Vinciguerra,2281
Rahul Rawail,2282
Shanker Raman,2283
Michelle Bello,2284
Joel Hopkins,2285
Patrick Tatopoulos,2286
Cecilia Verheyden,2287
Brody Chu,2288
Liam Lynch,2289
Jim Hosking,2290
Jesse Warn,2291
Sharmeen Obaid-Chinoy,2292
Yacine Belhousse,2293
Travis Stevens,2294
Tyler Perry,2295
Antonio Morabito,2296
Ali Samadi Ahadi,2297
Steven Brill,2298
Chandrakant Kanse,2299
"Sedat Kirtan, Kubilay Sarikaya",2300
Chris Nahon,2301
R. Ellis Frazier,2302
Ted Geoghegan,2303
George Stevens,2304
Jay Chou,2305
"Matthew O'Callaghan, Todd Wilderman",2306
Francine Parker,2307
Hidenori Inoue,2308
Aamir Khan,2309
Noviandra Santosa,2310
"Eric Darnell, Simon J. Smith",2311
Naman Nitin Mukesh,2312
Dan Gilroy,2313
Rizal Mantovani,2314
Osgood Perkins,2315
Nicolás López,2316
Jerry G. Angelo,2317
Noushad,2318
Katherine Brooks,2319
Joe Alves,2320
Sam Hobkinson,2321
Justin Baldoni,2322
Clay Glen,2323
V Vignarajan,2324
Abhijeet Deshpande,2325
"Henry Joost, Ariel Schulman",2326
"Cristina Costantini, Kareem Tabsch",2327
Carlos Morett,2328
Dean Craig,2329
Eric Bross,2330
Simranjit Singh Hundal,2331
"Ismail Farouk, Hazem Fouda",2332
"David Morris, Jacqui Morris",2333
Ted Demme,2334
Satish Kaushik,2335
"Kiki Goshay, Jacqueline Monetta",2336
Sarah Holt,2337
Simon Rumley,2338
Gabe Klinger,2339
Akiva Goldsman,2340
Thomas Sieben,2341
Joe Roth,2342
Camille Delamarre,2343
Carla Barros,2344
Narendra Nath,2345
Aniedi Anwah,2346
Joe DeMaio,2347
Nikkhil Advani,2348
Elisa Fuksas,2349
Jenny Gage,2350
Frant Gwo,2351
"David Sington, Heather Walsh",2352
Ben Wallis,2353
Jun-seong Kim,2354
Adam Dubin,2355
Supavitra Babul,2356
Kranti Redkar,2357
"Leslie Small, Tim Story",2358
Phil Roman,2359
"Bejoy Nambiar, Priyadarshan, Karthik Narain, Vasanth Sai, Karthik Subbaraj, Arvind Swamy, Rathindran R Prasad, Sarjun, Gautham Vasudev Menon",2360
Scott Speer,2361
Naresh Saigal,2362
"Eric Darnell, Tom McGrath, Conrad Vernon",2363
"Selçuk Aydemir, Birkan Pusa",2364
"Ange Basterga, Nicolas Lopez",2365
Barry Avrich,2366
Tirumala Kishore,2367
Shirley Frimpong-Manso,2368
Kitaro Kosaka,2369
Shirish Kunder,2370
Stephen S. Campanelli,2371
Andres Clariond,2372
Lenin Bharathi,2373
Nila Madhab Panda,2374
Ibai Abad,2375
Jean-Patrick Benes,2376
Pierre Coré,2377
Adam Nimoy,2378
Atanu Ghosh,2379
Nicanor Loreti,2380
Richard Rich,2381
Gayane Petrosyan,2382
"Shinji Aramaki, Mamoru Oshii, Hideki Futamura, Toshiyuki Kanno, Tomoki Kyoda, Koichi Mashimo, Yasushi Muraki, Daisuke Nishio, Frank O'Connor, Koji Sawai, Joseph Chou, Hiroshi Yamazaki",2383
Karey Kirkpatrick,2384
Jacob Schwab,2385
Anand Tucker,2386
Alex Holmes,2387
Partho Sen-Gupta,2388
Rajiv Chilaka,2389
Luis Estrada,2390
"Jericca Cleland, Kevin Munroe",2391
Daniel Benmayor,2392
Richard Weston,2393
Chris Columbus,2394
Jenny Popplewell,2395
Shamzu Zayba,2396
A. Raajdheep,2397
Zoya Akhtar,2398
Jorge M. Fontana,2399
Brian Oakes,2400
"Rodrigo Salomón, Pietro Scappini",2401
Amitoj Mann,2402
Sajid Khan,2403
Craig Johnson,2404
John Smithson,2405
David Chirchirillo,2406
Pete Travis,2407
Biyi Bandele,2408
James Wong,2409
Ismail Farouk,2410
"Blake Harris, Chris Bouchard",2411
Bilal Lashari,2412
Max Joseph,2413
Adrian Murray,2414
Imtiaz Ali,2415
Prakash Kunte,2416
Bhavin Wadia,2417
"Coodie, Chike",2418
Lee Eung-bok,2419
Amol Palekar,2420
Victor Cook,2421
Rohit Mittal,2422
Joseph Mbah,2423
Cheh Chang,2424
Fred M. Wilcox,2425
Cal Saville,2426
John Huston,2427
Anil Thomas,2428
"Lewis Milestone, Carol Reed",2429
Graham Townsley,2430
"Max Lang, Jani Lachauer",2431
Hadi El Bagoury,2432
Masahiko Murata,2433
Peter Thorwarth,2434
Myriam Fares,2435
Naya Anindita,2436
Greg Tiernan,2437
Lucien Bourjeily,2438
Shashank Khaitan,2439
"Richard Claus, Karsten Kiilerich",2440
Udai Singh Pawar,2441
"Leïla Sy, Kery James",2442
Nzingha Stewart,2443
Pedring A. Lopez,2444
Maria Burton,2445
Midhun Manuel Thomas,2446
Manmohan Desai,2447
Ken Barbet,2448
Norman Jewison,2449
Nora Ephron,2450
Mina Shum,2451
Heitor Dhalia,2452
J.J. Abrams,2453
Bradley Parker,2454
Ramon Térmens,2455
Blair Simmons,2456
Emmett Malloy,2457
Brian Baugh,2458
Mateo Gil,2459
Ben Wheatley,2460
Ertanto Robby Soediskam,2461
"Alex Timbers, Sam Wrench",2462
Salmeen AlMurry Amer,2463
Ashraf Fayeq,2464
Christophe Charrier,2465
Mati Diop,2466
William Bindley,2467
Fab Five Freddie,2468
Sarthak Dasgupta,2469
"Chanon Yingyong, Phuwanit Pholdee",2470
Ranjit Jeyakodi,2471
Sam Loh,2472
Kabir Bhatia,2473
"Nana Ekvtimishvili, Simon Gross",2474
Andrew C. Erin,2475
Hua Shan,2476
Nick Gomez,2477
Simon Curtis,2478
Doug Hamilton,2479
Martha Coolidge,2480
"Susan Lambert, Stefan Moore",2481
P.T. Kunju Muhammad,2482
Jack Zagha Kababie,2483
Michael Fahey,2484
Tyler Greco,2485
James Moll,2486
Carles Torras,2487
Brett Hedlund,2488
Diego Pignataro,2489
Walter C. Miller,2490
Ashwiny Iyer Tiwari,2491
Santwana Bardoloi,2492
Anne Fontaine,2493
Mez Tharatorn,2494
Adam Marino,2495
Jasbir Bijendra Bhati,2496
Hark Tsui,2497
Laura VanZee Taylor,2498
Michael Gallagher,2499
Nathan Landeg,2500
Rahat Kazmi,2501
Chad Hartigan,2502
Llewellyn M. Smith,2503
Tom McCarthy,2504
Jean-Pierre Devillers,2505
"Rudy Soedjarwo, Riri Riza",2506
Michael Martin,2507
Jennifer Yuh Nelson,2508
Mary Lambert,2509
Michihito Fujii,2510
Rob Reiner,2511
"Shashank Khaitan, Raj Mehta, Neeraj Ghaywan, Kayoze Irani",2512
Kevin Pollak,2513
Dallas Jackson,2514
Will Forbes,2515
Liz Garbus,2516
Mark A.Z. Dippé,2517
Steven Soderbergh,2518
Maha Venkatesh,2519
Suparn Verma,2520
Faozan Rizal,2521
"Joel Gallen, Tig Notaro",2522
"Denny Lu, Mike Myhre",2523
Saji Surendran,2524
Anik Datta,2525
Peter DeLuise,2526
Roger Young,2527
Óskar Thór Axelsson,2528
Carlos Marques-Marcet,2529
Ajay Bahl,2530
Kaizad Gustad,2531
Marc Forster,2532
Ron Davis,2533
Jocelyn Moorhouse,2534
"Benjamin Turner, Gabe Turner",2535
"Krysia Plonka, Kristian Mercado",2536
"Arpan Sarkar, Shyamal Chaulia",2537
"Sita Likitvanichkul, Jetarin Ratanaserikiat, Apirak Samudkitpaisan, Thanabodee Uawithya, Adirek Wattaleela",2538
Fred Ouro Preto,2539
Roger Christian,2540
Ryan Murphy,2541
"Erik Kling, Kevin Peaty",2542
Tom Green,2543
KVR Mahendra,2544
Timo Vuorensola,2545
Keoni Waxman,2546
Nishil Sheth,2547
Matt Askem,2548
Raja Menon,2549
Nicholas Hytner,2550
Charles Martin Smith,2551
Matt Kugelman,2552
Kenny Young,2553
Shweta Basu Prasad,2554
Bruce Robinson,2555
Emma Tammi,2556
"Shinji Aramaki, Masaru Matsumoto",2557
Ulrike Kofler,2558
Amin Dora,2559
Juan Carlos Rulfo,2560
Louie Psihoyos,2561
"Kiko Cruz Claverol, Patricia Font",2562
Rakesh Mehta,2563
Jacob Joice,2564
Shree Narayan Singh,2565
Jose Manuel Colón,2566
Fabrice Du Welz,2567
Volker Weicker,2568
Thomas Sorriaux,2569
Robert Kenner,2570
"Frank Capra, Joris Ivens",2571
Jon Avnet,2572
Raj N. Sippy,2573
Alison E. Rose,2574
André Øvredal,2575
John Stephenson,2576
Marina Zenovich,2577
Dave Needham,2578
Alaa Eddine Aljem,2579
Gregory Nava,2580
Maria Pulera,2581
Alex Zamm,2582
Fernando Ayllón,2583
Hallvard Bræin,2584
Gore Verbinski,2585
"Alastair Fothergill, Jonnie Hughes, Keith Scholey",2586
Taika Waititi,2587
Laura Terruso,2588
Eduardo Roy Jr.,2589
Caryn Waechter,2590
"Shojiro Nishimi, Guillaume Renard",2591
David Michôd,2592
Ellen Brown,2593
Bobcat Goldthwait,2594
"Phil Nibbelink, Simon Wells",2595
Kathryn Bigelow,2596
Emmanuel Amara,2597
Nicholas Winter,2598
Brian A. Miller,2599
Christian E. Christiansen,2600
Robert Schwentke,2601
Christopher Alender,2602
Leigh Janiak,2603
Gerhard Mostert,2604
Roland Emmerich,2605
Hakan Algül,2606
RZA,2607
Chris Rock,2608
Remi Weekes,2609
Carlos Pérez Osorio,2610
Alfonso Cortés-Cavanillas,2611
"Marcelo Altmark, Mariano Mucci, Luis A. Scalella",2612
Sam Blitz Bazawule,2613
Alex Richanbach,2614
Lucas Figueroa,2615
Cate Shortland,2616
Umer Adil,2617
Andrew Renzi,2618
Neil Armfield,2619
"Adam Collins, Luke Radford",2620
Andy Capper,2621
Hidetaka Inazuka,2622
Fredrick Munk,2623
Clint Eastwood,2624
Joel Gallen,2625
Ifeanyi Ikpoenyi,2626
Paul Haggis,2627
Kim Dong-kyu,2628
Archie Hekagery,2629
George Clooney,2630
Dan Villegas,2631
Philippe Aractingi,2632
Alankrita Shrivastava,2633
Baltasar Kormákur,2634
Nishikant Kamat,2635
Ry Russo-Young,2636
Patrice Laliberté,2637
Kepa Sojo,2638
Federico D'Alessandro,2639
Alfonso Rodríguez,2640
Ajay Phansekar,2641
Robi Michael,2642
Aytaç Ağırlar,2643
Felix Thompson,2644
Amaan Khan,2645
Michael James Regan,2646
Damon Cardasis,2647
Steven Yamamoto,2648
Praveen Kandregula,2649
Ruel S. Bayani,2650
Hitoshi Namba,2651
Stefano Lodovichi,2652
"Eric Goode, Rebecca Chaiklin",2653
"Petra Costa, Lea Glob",2654
"Abhijit Kokate, Srivinay Salian",2655
Carlos Vermut,2656
Jeremy Rush,2657
Clovis Cornillac,2658
Trent Haaga,2659
Wojciech Marczewski,2660
"Paula Apsell, Kirk Wolfinger",2661
Samar Khan,2662
"Stephanie Soechtig, Jeremy Seifert",2663
Thomas Meadmore,2664
Julien Leclercq,2665
"George Jackson, Doug McHenry",2666
Abdulaziz Alshlahei,2667
Ariel Boles,2668
Alice Wu,2669
"Richard Phelan, Will Becher",2670
Krysia Plonka,2671
Randall Lobb,2672
Antonin Baudry,2673
Alex Lehmann,2674
"Adam Davis, Jerry Kolber, Trey Nelson, Erich Sturm",2675
Kuntz Agus,2676
Olivier Jean-Marie,2677
Jean-Marc Vallée,2678
Tinnu Anand,2679
Osman Ali,2680
Sam Raimi,2681
"Ola Flyum, David Hebditch",2682
Bob Nelson,2683
Peter Svatek,2684
Rajiv Menon,2685
David Ayer,2686
Liam O'Donnell,2687
Dallas Jenkins,2688
Grant Singer,2689
Debbie Allen,2690
"Sam Fell, Chris Butler",2691
Luv Ranjan,2692
"David Batra, Jon Rudberg",2693
Vijay Lalwani,2694
Shonali Bose,2695
Johnnie To,2696
Y. Joon Chung,2697
"Bo Burnham, Christopher Storer",2698
"Matt Angel, Suzanne Coote",2699
Michael John Warren,2700
Kike Maíllo,2701
Lonny Price,2702
Sorin Dan Mihalcescu,2703
James L. Brooks,2704
Tristan Ferland Milewski,2705
Partho Ghosh,2706
Stephen Chow,2707
David Blair,2708
"Ajay Bhuyan, Kunal Kohli",2709
Victoria Bromley,2710
Peter Foott,2711
Faraz Haider,2712
Ketche,2713
Dani de la Orden,2714
Marco Pontecorvo,2715
Wael Ehsan,2716
"Lisa Cortés, Farah X",2717
Gary Stretch,2718
Navaniat Singh,2719
Hasan Karacadağ,2720
Chiwetel Ejiofor,2721
Katarina Launing,2722
Noël Wells,2723
Benjamin Dickinson,2724
Vetrimaaran,2725
Julien Rambaldi,2726
Johnson Esthappan,2727
Dileep Narayanan,2728
"Jani Lachauer, Jakob Schuh",2729
Phyllida Lloyd,2730
Brad Furman,2731
Pascal Atuma,2732
Achille Brice,2733
Andrzej Bartkowiak,2734
Luis Alejandro Pérez,2735
LP,2736
Akira Saitoh,2737
John Lyde,2738
Sébastien Betbeder,2739
J. Davis,2740
Terry Loane,2741
Tim Blake Nelson,2742
Lee Chang-dong,2743
Daniele Thompson,2744
Simon Verhoeven,2745
Vishnu Govindhan,2746
Charlie Lightening,2747
"David Allensworth, Monière",2748
Jeremiah Zagar,2749
Ridley Scott,2750
Yin Chen-hao,2751
Prabhakaran,2752
Ray Jiang,2753
Ryuichi Hiroki,2754
Taketoshi Sado,2755
Damián Romay,2756
Florent Bodin,2757
Kubhaer T. Jethwani,2758
Pablo Aulita,2759
"Adrien Lagier, Ousmane Ly",2760
Michael D. Black,2761
Matt Palmer,2762
Cary Joji Fukunaga,2763
"Hugues Nancy, Fabien Beziat",2764
Rich Ragsdale,2765
Ana Kokkinos,2766
"Noel Dockstader, Quinn Kanaly",2767
"Fabio Grassadonia, Antonio Piazza",2768
Christopher Ray,2769
Stefano Sollima,2770
Steve Barron,2771
Billy Corben,2772
Selçuk Metin,2773
David Charhon,2774
James McTeigue,2775
James Wan,2776
Roman Polański,2777
"James D. Stern, Fernando Villena",2778
Antonio Díaz,2779
Harry Bradbeer,2780
Mandla Dube,2781
Joe Menendez,2782
Mamat Khalid,2783
"Daniel Lindsay, T.J. Martin",2784
Haissam Hussain,2785
Radhu Karmakar,2786
"Peter Ramsey, Rodney Rothman, Bob Persichetti",2787
"Brian M. Conley, Nathan Ives",2788
"Frank Oz, Jim Henson",2789
Hugh WIlson,2790
Joel Schumacher,2791
Dejan Zečević,2792
Mu Chu,2793
Simon Wincer,2794
Martin Campbell,2795
"Rajiv Chilaka, Owll Mina",2796
McG,2797
Mic Rodgers,2798
Ziad Doueiri,2799
Umut Aral,2800
Joe Mantello,2801
James Watkins,2802
Momoko Kamiya,2803
Naoko Yamada,2804
Roberto Girault Facha,2805
Peter Howitt,2806
Tamara Jenkins,2807
Ravi Udyawar,2808
Manuel Martín Cuenca,2809
Rodrigo Triana,2810
Mohammed Hussain,2811
Geetu Mohandas,2812
Sean Foley,2813
Lorene Machado,2814
Richard Brooks,2815
"Janet Tobias, Claus Wehlisch",2816
"Graham Phillips, Parker Phillips",2817
Pascale Lamche,2818
"Eva Müller, Michael Schmitt",2819
Biodun Stephen,2820
"Mike Diva, Akiva Schaffer",2821
Pawan K Shrivastava,2822
"Célia Catunda, Kiko Mistrorigo, Rodrigo Eba",2823
Jan Suter,2824
Jason Spingarn-Koff,2825
Sydney Freeland,2826
"Kief Davidson, Richard Ladkani",2827
Mark Zwonitzer,2828
K. Subhash,2829
Ben Palmer,2830
Tom Stubberfield,2831
Gurudev Bhalla,2832
"Yann Arthus-Bertrand, Michael Pitiot",2833
Robert Tate,2834
David Koepp,2835
Santram Varma,2836
Viridiana Lieberman,2837
Martin Prakkat,2838
Anthony Mandler,2839
Kıvanç Baruönü,2840
Maïa Sandoz,2841
Norihisa Hiranuma,2842
Amro Salah,2843
Ian Edelman,2844
"Takeru Nakajima, Yoshiyuki Okada",2845
Tom Barton-Humphreys,2846
Shanavas K. Bavakutty,2847
Jung Ji-woo,2848
"Rodrigo Guardiola, Gabriel Cruz Rivas",2849
DJ Chen,2850
Manny Rodriguez,2851
"Miguel Cohan, Miguel Cohan",2852
Susanne Bier,2853
"Álvaro Longoria, Gerardo Olivares",2854
Milind Rau,2855
Shakti Samanta,2856
Warren P. Sonoda,2857
Andrea Molaioli,2858
Chris Kelly,2859
Sam Wrench,2860
Gabe Ibáñez,2861
Raj Kapoor,2862
Luke Jurevicius,2863
Sally Potter,2864
"James Mather, Steve Saint Leger",2865
"Lasse Hallström, Joe Johnston",2866
Umesh Bist,2867
Halitha Shameem,2868
Yoshiyuki Momose,2869
Jim Mickle,2870
Julia Knowles,2871
"Jackie van Beek, Madeleine Sami",2872
Vivek Agnihotri,2873
Jake Szymanski,2874
Pablo Giorgelli,2875
Rajiv Mehra,2876
Lekh Tandon,2877
Tommy O'Haver,2878
Sian Heder,2879
Eva Vives,2880
Afia Nathaniel,2881
"Joe Dietsch, Louie Gibson",2882
"Audu Paden, Eric Radomski",2883
Martin Gorst,2884
"Thurop Van Orman, John Rice",2885
"Ashwiny Iyer Tiwari, Abhishek Chaubey, Saket Chaudhary",2886
David A. Vargas,2887
Alexandre Aja,2888
Taranveer Singh,2889
"Olivier Nakache, Éric Toledano",2890
Lin Oeding,2891
"Dan Forgione, Pete Jacobs, Matt Whitlock",2892
Michael Damian,2893
Ahmad El-Badri,2894
Mohammed Alhmly,2895
Venky Kudumula,2896
Edward Zwick,2897
"Stig Bergqvist, Paul Demeyer",2898
Anita Udeep,2899
Jerry Seinfeld,2900
Cheang Pou Soi,2901
Puneet Sira,2902
"Jason Sussberg, David Alvarado",2903
Nicolas Brossette,2904
Anjali Nayar,2905
Sridhar Jetty,2906
Ben C. Lucas,2907
Raphael Erichsen,2908
Ehtesham Uddin,2909
Jonathan Ignatius Green,2910
Chayanop Boonprakob,2911
Frank Oz,2912
Mark Neveldine,2913
Leli Maki,2914
Justin Chadwick,2915
Guo Jingming,2916
Merawi Gerima,2917
Philippa Lowthorpe,2918
Joe Robert Cole,2919
"Ethan Coen, Joel Coen",2920
Zsolt Pálfi,2921
Sujeeth,2922
Linda Mendoza,2923
Marina Seresesky,2924
Michael Bonfiglio,2925
Wilson Coneybeare,2926
Sushrut Jain,2927
"Byron Howard, Chris Williams",2928
Michael Thelin,2929
Mike Disa,2930
Charles Officer,2931
Jayan Vannery,2932
Binu Ulahhannan,2933
Paul Spurrier,2934
Joe Nussbaum,2935
N.D. Wilson,2936
Jordan Ross,2937
Wally Pfister,2938
Yasir Nawaz,2939
Taylor Sheridan,2940
Rush Sturges,2941
Steve Gukas,2942
Daniel Minahan,2943
Nadine Ibrahim,2944
Milton Kremer,2945
Mark McQueen,2946
Maïwenn,2947
Alexx Media,2948
Nicolas Pesce,2949
Radha Blank,2950
Jay Karas,2951
Scot Armstrong,2952
Alison Klayman,2953
Uwe Boll,2954
Mitch Schauer,2955
Nizar Shafi,2956
Keith Malloy,2957
"Siu-hung Chung, Wong Jing",2958
Jenée LaMarque,2959
Chi Fat Chan,2960
Tomer Eshed,2961
Sunny Lau,2962
Marc Meyers,2963
M. Night Shyamalan,2964
Gavin Fitzgerald,2965
Saandeep Patel,2966
Claude Barras,2967
Shamyl Othman,2968
Sam O'Steen,2969
"Doron Paz, Yoav Paz",2970
Keerthi,2971
Karim El Shenawy,2972
Daniel Vernon,2973
Sylvie Verheyde,2974
John Whitesell,2975
Maïmouna Doucouré,2976
Vicky Wight,2977
Scott Zabielski,2978
Andrew Slater,2979
Alex Burunova,2980
Olivier Afonso,2981
Rohit Jugraj,2982
Vicente Villanueva,2983
Uraaz Bahl,2984
Lars Büchel,2985
Tom Whitter,2986
"Sumitra Bhave, Sunil Sukthankar",2987
Vic Armstrong,2988
Bo Burnham,2989
Marlene Melchior,2990
Mehmet Ada Öztekin,2991
Johnny Breedt,2992
Louise Alston,2993
David Stubbs,2994
"Carlos Algara, Alejandro Martinez-Beltran",2995
Sudhanshu Saria,2996
Dan Krauss,2997
Jehane Noujaim,2998
Woody Allen,2999
Bruce McCulloch,3000
Ron Underwood,3001
Hajime Kamegaki,3002
David Oyelowo,3003
Garry Marshall,3004
Shawn Rech,3005
Richard Arellano,3006
Bernie Denk,3007
Chris Foggin,3008
Karen Maine,3009
"Joshua Tickell, Rebecca Harrell Tickell",3010
"Àlex Pastor, David Pastor",3011
Manu Ashokan,3012
Alan Rickman,3013
Nam Ron,3014
Alessio Cremonini,3015
Daniel Burman,3016
John Murlowski,3017
Shawn Arranha,3018
Young Jun Lee,3019
Mario Cambi,3020
Morgan Spurlock,3021
Nicolas Winding Refn,3022
Atanu Mukherjee,3023
David Leveaux,3024
"Stefan Aust, Dirk Laabs",3025
Pradeep Verma,3026
Amy Rice,3027
Ron Howard,3028
Rocco Ricciardulli,3029
Matthew Michael Carnahan,3030
Takeshi Fukunaga,3031
Rebecca Zlotowski,3032
Ahmed Al-Badry,3033
Sivaroj Kongsakul,3034
Wi Ding Ho,3035
Jerrold Tarog,3036
Gareth Evans,3037
Anjum Shahzad,3038
Sushil Majumdar,3039
John Irvin,3040
Alma Har'el,3041
Jon J. Whelan,3042
Shuko Murase,3043
Tade Ogidan,3044
Mohamed Diab,3045
"Kevin McManus, Matthew McManus",3046
Matías Gueilburt,3047
Nora Fingscheidt,3048
"Akiyuki Shinbo, Nobuyuki Takeuchi",3049
Basava Shankar Eeday,3050
Ole Bornedal,3051
"Gajendra Ahire, Viju Mane, Girish Mohite, Ravi Jadhav",3052
"Fabien Beziat, Hugues Nancy",3053
Alejandro Lozano,3054
Jim Monaco,3055
Pradip Kurbah,3056
Alex Infascelli,3057
Bryan Buckley,3058
Philip G. Atwell,3059
Josh Mendoza,3060
Gary Winick,3061
Semi Chellas,3062
Mike Binder,3063
Deepa Mehta,3064
"Almudena Carracedo, Robert Bahar",3065
Izidore K. Musallam,3066
Jos Humphrey,3067
Michael Steed,3068
Don Omope,3069
Mercedes Cordova,3070
Maya Forbes,3071
Karan Bali,3072
Alejandro G. Iñárritu,3073
Gurvinder Singh,3074
Takuya Inaba,3075
Walerian Borowczyk,3076
Yusuf Pirhasan,3077
Vicky Matthews,3078
David Soren,3079
Paul Thomas Anderson,3080
Augustine Frizzell,3081
Nima Nourizadeh,3082
"Mag Hsu, Hsu Chih-yen",3083
Rob Marshall,3084
Martin Brest,3085
Jesse Peretz,3086
Vir Das,3087
Shawn Levy,3088
Pepe Mora,3089
Yuki Tanada,3090
Haifaa Al-Mansour,3091
Amr Arafa,3092
Erwin van den Eshof,3093
Numa Perrier,3094
Pia Sukanya,3095
Gerard Barrett,3096
Jim Fall,3097
"Chris Weitz, Paul Weitz",3098
"Charles A. Nichols, Iwao Takamoto",3099
Bille Woodruff,3100
David Wnendt,3101
Ahmad Samir Farag,3102
Kevin Donovan,3103
"Frank Capra, John Huston, Hugh Stewart, Roy Boulting, Anthony Veiller",3104
Kushal Srivastava,3105
Anu Menon,3106
N. Chandra,3107
Hirotsugu Kawasaki,3108
Pang Ho-cheung,3109
Moses Inwang,3110
Lara Saba,3111
Philip Barantini,3112
Paul Solet,3113
Andrés Feddersen,3114
Ryan Polito,3115
Yorgos Lanthimos,3116
Tamas Yvan Topolanszky,3117
Raj R,3118
Cal Seville,3119
Guillermo de Oliveira,3120
Sanjay Leela Bhansali,3121
Olivia Milch,3122
K. Ramanlal,3123
Roman Gackowski,3124
Arthur Penn,3125
Daniel Mann,3126
Clay Staub,3127
Federico Lemos,3128
"Hassan Hegazy, Shady Ali",3129
"Keith Fulton, Louis Pepe",3130
Brad Anderson,3131
"Raj Nidimoru, Krishna D.K.",3132
Neri Parenti,3133
Antoinette Jadaone,3134
Niels Arden Oplev,3135
"Tharun Bhascker Dhaassyam, B. V. Nandini Reddy, Nag Ashwin, Sankalp Reddy",3136
Michael Showalter,3137
"Muhammad Fadl, Hany Motawie",3138
Avgousta Zourelidi,3139
"Mark A.Z. Dippé, Kyung Ho Lee",3140
Lorena Munoz,3141
"Raúl Campos, Jan Suter",3142
Pedro Coutinho,3143
Francesco Carrozzini,3144
Chito S. Roño,3145
Mathieu Kassovitz,3146
Max McGill,3147
Vineeth Anil,3148
Frank Capra,3149
Amit Rai,3150
"Randall Lobb, Robert McCallum",3151
Abu Bakr Shawky,3152
Matt Ross,3153
Jaume Collet-Serra,3154
Weica Wang,3155
Chris Sivertson,3156
Ken Ghosh,3157
Rebecca Johnson,3158
Federico Veiroj,3159
Jason Lai,3160
David Cronenberg,3161
Nidhi Sharma,3162
Ananda Krishnan,3163
Maz Jobrani,3164
Gordon Anderson,3165
Vikram Gandhi,3166
Azfar Jafri,3167
Ignacio López Escrivá,3168
"Jean-Loup Felicioli, Alain Gagnol",3169
Baz Luhrmann,3170
Gordon Parks,3171
Jason Reitman,3172
Walter Hill,3173
Aurora Guerrero,3174
Chinaza Onuzo,3175
Jeremy Grant,3176
Ludovico Di Martino,3177
Brett Haley,3178
Angelina Jolie,3179
Vrinda Samartha,3180
Aijaz Khan,3181
Swapnaneel Jayakar,3182
Rick Morales,3183
"John Hoffman, Nanfu Wang",3184
Max Amini,3185
Gauri Shinde,3186
Sherif Ismail,3187
Adisorn Tresirikasem,3188
Tan Bing,3189
Paul Schrader,3190
Mark Landre Gould,3191
Craig Gillespie,3192
"Bill Guttentag, Michael Ware",3193
"Vicky Matthews, Gareth Sacala",3194
Destin Daniel Cretton,3195
"Cecilia Atán, Valeria Pivato",3196
"Mark Thornton, Todd Kauffman",3197
"Yoshiyuki Tomino, Yoshikazu Yasuhiko",3198
Guillermo del Toro,3199
Niki Caro,3200
Helena Coan,3201
Juliet May,3202
Matias Mariani,3203
QLF,3204
Wael Ihsan,3205
Chris Bolan,3206
Ruchi Narain,3207
Onur Bilgetay,3208
Orlando von Einsiedel,3209
Kevin MacDonald,3210
Lars Kaalund,3211
Will Yapp,3212
Peter Orton,3213
D Ho,3214
Sinan Akkuş,3215
"Agasyah Karim, Khalid Kashogi",3216
Devin Chanda,3217
Richard Bates Jr.,3218
Bruno Garotti,3219
Nicole Conn,3220
Jeff Wadlow,3221
Ribhu Dasgupta,3222
Hamisha Daryani Ahuja,3223
"Jennifer Beamish, Toby Trackman",3224
Andibachtiar Yusuf,3225
Miranda de Pencier,3226
Harald Zwart,3227
Nimród Antal,3228
Tim Neeves,3229
Mike Elliott,3230
Toyin Abraham,3231
Gregory Jacobs,3232
Richard van't Riet,3233
Saravana Rajendran,3234
Sandi Tan,3235
David Lam,3236
"Guillermo Garcia, David Cantolla",3237
Joshua Marston,3238
J. Michael Long,3239
Christopher Chambers,3240
Jason Bourque,3241
Ang Lee,3242
David Lean,3243
Peter McDonnell,3244
Matthew Atkinson,3245
Kevin Phillips,3246
"Chris Buck, Kevin Lima",3247
"Brendan Malloy, Emmett Malloy",3248
Stephen Kijak,3249
Chiaki Kon,3250
Umut Kirca,3251
Tolga Karaçelik,3252
"Fabio Ock, Joana Mazzucchelli",3253
Ali F. Mostafa,3254
Matei Dima,3255
"Todd Kauffman, Mark Thornton",3256
"Robert Kenner, Taki Oldham",3257
Xavier Durringer,3258
Joe Lynch,3259
"Rocky Soraya, Anggy Umbara",3260
"Mastan Alibhai Burmawalla, Abbas Alibhai Burmawalla",3261
David Mrnka,3262
Babak Anvari,3263
Alex Coletti,3264
Kristin Hanggi,3265
Julie Taymor,3266
Rachel Bell,3267
Sacha Gervasi,3268
"Ken Burns, Christopher Loren Ewers, Erik Ewers",3269
Len Wiseman,3270
Paul Greengrass,3271
"Bigflo & Oli, Jérémie Levypon",3272
Stefano Mordini,3273
Olivier Abbou,3274
Fritz Böhm,3275
"David Benioff, D.B. Weiss",3276
White Trash Tyler,3277
Dar Gai,3278
A.R. Murugadoss,3279
Jonathan A. Rosenbaum,3280
Raditya Dika,3281
Shlok Sharma,3282
"Roy Burdine, Johnny Castuciano",3283
Brian Smrz,3284
Adam Shankman,3285
Ben Steele,3286
Bill Oliver,3287
Oliver Blackburn,3288
Guy Ritchie,3289
"Krishna Agazzi, Filippo Gastaldi",3290
J.C. Falcón,3291
Paul Andrew Williams,3292
Tom Elkins,3293
Binayak Das,3294
Şenol Sönmez,3295
Michael Civille,3296
Park Hoon-jung,3297
Steve Pink,3298
Thomas Toby Parkinson,3299
Farhad Safinia,3300
Francesco Carnesecchi,3301
Tope Alake,3302
Falz,3303
Phillip Youmans,3304
Ciarán Foy,3305
Sunil Thakur,3306
Abby Epstein,3307
Amarpreet G S Chabbra,3308
Adam Randall,3309
Richie Smyth,3310
Greg Whiteley,3311
Kurt Wimmer,3312
Daniel Ablin,3313
Antoine Bardou-Jacquet,3314
Jordana Spiro,3315
"Israel Adrián Caetano, Bruno Stagnaro",3316
Paul Shoulberg,3317
Steve Loter,3318
Buddhadev Dasgupta,3319
Kirsten Johnson,3320
Sangeeth Sivan,3321
Baran bo Odar,3322
"Andrucha Waddington, Pedro Waddington",3323
Omung Kumar,3324
V C Abhilash,3325
Arnab Chaudhuri,3326
Derek Peck,3327
"Aaron Hann, Mario Miscione",3328
Vijay Milton,3329
Daniela Goggi,3330
Sagar Sarhadi,3331
Cecilia Peck,3332
Alex Proyas,3333
Clarence Yiu-leung Fok,3334
Rajeev Patil,3335
Louise Wardle,3336
Alexis Almström,3337
Yemi Amodu,3338
Curtis Graham,3339
Byeon Hee-sun,3340
Josiah Ng,3341
"Greg Rankin, TJ Sullivan",3342
Daniel Joseph,3343
Paco Cabezas,3344
Frank Rajah Arase,3345
Arjun Jandyala,3346
Nakul Singh Sawhney,3347
Orson Welles,3348
"Madeleine Parry, Jon Olb",3349
Scott Moran,3350
Daniel Kontur,3351
Gary Wang,3352
Adam Leon,3353
Linas Phillips,3354
Werner Herzog,3355
Luis Mandoki,3356
Wendy Jo Carlton,3357
"Lana Wachowski, Lilly Wachowski",3358
Sai Paranjape,3359
"Oscar Micheaux, Spencer Williams, Richard E. Norman, Richard Maurice",3360
Susannah Ward,3361
Cody Stokes,3362
George Mendeluk,3363
Tom Shadyac,3364
Mark Lo,3365
Dominic Sena,3366
Julien Royal,3367
Barry Gonzalez,3368
Lucas Santa Ana,3369
Tope Oshin,3370
Venkatesh Maha,3371
Guillaume Pierret,3372
Neeraj Udhwani,3373
Susan Walter,3374
Peter Billingsley,3375
Michael Del Monte,3376
Atlee Kumar,3377
Amit Barot,3378
Louis J. Horvitz,3379
Jamal Hill,3380
Matías Bize,3381
Burr Steers,3382
Betty Thomas,3383
V. K. Prakash,3384
William H. Macy,3385
Sylvester Stallone,3386
Damani Baker,3387
John Banas,3388
Han Kwang Il,3389
Alain Darborg,3390
Prime Cruz,3391
Anees Bazmee,3392
Sooraj R. Barjatya,3393
Elissa Down,3394
Gustavo Ron,3395
Yuen Woo-ping,3396
Jason Stone,3397
Miguel Conde,3398
Néstor Sánchez Sotelo,3399
Genndy Tartakovsky,3400
Chuck Russell,3401
"Alexandre Heboyan, Benoît Philippon",3402
Pamela Romanowsky,3403
Magdy Al-Hawwary,3404
Richard Linklater,3405
Trey Parker,3406
Vikram Bhatt,3407
"Elsa Flores Almaraz, Richard J Montoya",3408
"Eric Darnell, Tom McGrath",3409
Matt D'Elia,3410
"Syrine Boulanouar, Nekfeu",3411
Juani Libonatti,3412
Huw Cordey,3413
Jesse Moss,3414
Tom Stern,3415
Prakash Balwant Saini,3416
Paresh Mokashi,3417
Chris Jenkins,3418
Daniel Wilner,3419
Aniruddha Roy Chowdhury,3420
Frank Coraci,3421
Jean-François Richet,3422
Alê Abreu,3423
Robert Clouse,3424
Jennifer Lynch,3425
Attila Till,3426
Arun Vaidyanathan,3427
Amber Tamblyn,3428
Neill Blomkamp,3429
Paul Weitz,3430
Chris Appelhans,3431
Ahishor Solomon,3432
Rohena Gera,3433
Aaron Sorkin,3434
Kittiphak Thonguam,3435
Lee Kirk,3436
Quek Shio-chuan,3437
Genevieve Nnaji,3438
Tanveer Khan,3439
Chia-Liang Liu,3440
Greg Coolidge,3441
Adam Sjöberg,3442
Remy Kohli,3443
Joseph Cross,3444
Ken Kushner,3445
Marek Piwowski,3446
Delhiprasad Deenadayalan,3447
Rathindran R Prasad,3448
Laura Brownson,3449
Sakon Tiacharoen,3450
Carlos Moreno,3451
Salvador Espinosa,3452
Rachel Griffiths,3453
Sam Rega,3454
Johanna Demetrakas,3455
"Dylan Bank, Daniel DiMauro, Morgan Pehme",3456
Aatmaram Dharne,3457
Julie Dash,3458
Ahmed El Gendy,3459
Bruce McDonald,3460
Gene Quintano,3461
"Bruce MacDonald, Gabriel Sabloff",3462
Sudesh Manjrekar,3463
"Jarrad Paul, Andrew Mogel",3464
David Briggs,3465
"Shaul Schwarz, Christina Clusiau",3466
Ashu Trikha,3467
Apoorva Lakhia,3468
Gabriele Muccino,3469
Gerardo Gatica,3470
Takeshi Nozue,3471
Eduardo Pinto,3472
Marwan Hamed,3473
Michael McKay,3474
Saurabh Sinha,3475
"Cho Li, Chen Hung-yi, Weica Wang, Liu Bang-yao, Lin Guan-fu, Shen Chi, YC Tom Lee",3476
Olivia M. Lamasan,3477
Mar Targarona,3478
Aziz Ansari,3479
"Aaron Nee, Adam Nee",3480
Dianne Dreyer,3481
Gerry Blaksley,3482
Douglas McGrath,3483
Heidi Saman,3484
Grant Heslov,3485
Peggy Holmes,3486
Sonny Marler,3487
Inma Torrente,3488
Marcos Bucay,3489
"José Larraza, Marc Pons",3490
Bruce Beresford,3491
Abhijit Panse,3492
Adekunle Nodash Adejuyigbe,3493
"Grand Corps Malade, Mehdi Idir",3494
Stephanie Turner,3495
Abhishek Kapoor,3496
Teng Huatao,3497
Kyzza Terrazas,3498
Marek Losey,3499
Gary Mak,3500
Vikram Pradhan,3501
Shivam Nair,3502
Anggy Umbara,3503
"Lilly Wachowski, Lana Wachowski, Tom Tykwer",3504
Henry Selick,3505
Parveen Kumar,3506
"Tom Gianas, Ross R. Shuman",3507
Sudipto Roy,3508
Olivier Loustau,3509
Catherine Hardwicke,3510
Hadrah Daeng Ratu,3511
David Fincher,3512
Nick Rowland,3513
Peter Berg,3514
Robert Krantz,3515
Eva Orner,3516
Sanjay Jadhav,3517
Diego Enrique Osorno,3518
Shanjey Kumar Perumal,3519
Miguel Ángel Vivas,3520
Shanawaz Nellikunnil,3521
"Kevin Booth, David Johndrow",3522
Fred Cavayé,3523
Ari Sandel,3524
Selvamani Selvaraj,3525
Ivan Sen,3526
Rod Blackhurst,3527
Banjong Pisanthanakun,3528
Kurt Voelker,3529
"Coerte Voorhees, John Voorhees",3530
Henry Hathaway,3531
"Ramzy Bedia, Éric Judor",3532
Steve Ball,3533
August Jakobsson,3534
Kenny Ortega,3535
Kyran Kelly,3536
Anvita Dutt,3537
Yasir Al Yasiri,3538
"Pablo Lejarreta, Luis Alfaro",3539
Kumaran,3540
William Kaufman,3541
Alessandro Angulo,3542
B. V. Nandini Reddy,3543
Nick Broomfield,3544
Anthony Chan,3545
Girish Joshi,3546
Harmony Korine,3547
Ari Folman,3548
Gurinder Chadha,3549
Kemi Adetiba,3550
"Mona Achache, Patricia Tourancheau",3551
Hardik Mehta,3552
J.D. Dillard,3553
Meltem Bozoflu,3554
Luis Valdez,3555
Dare Olaitan,3556
Steve Rolston,3557
Roberto Santucci,3558
Tatsushi Omori,3559
Franziska Meyer Price,3560
David Dobkin,3561
"Damien Chazelle, Houda Benyamina, Laïla Marrakchi, Alan Poul",3562
Hanno Olderdissen,3563
Daniel Monzón,3564
"Leung Lok Man, Luk Kim-ching",3565
David Lee Miller,3566
"Marco Deufemia, Justin G. Dyck",3567
David France,3568
Dave Higby,3569
Sze Yu Lau,3570
Jennifer Siebel Newsom,3571
M.J. Bassett,3572
John Carchietta,3573
Kristian Levring,3574
Stephen Herek,3575
Peter Chelsom,3576
Saron Sakina,3577
Rohan Sippy,3578
Brad Peyton,3579
Trish Sie,3580
Vijay S. Bhanushali,3581
"Adam B. Stein, Zach Lipovsky",3582
Herman Yau,3583
Chris Nelson,3584
"Andy Caballero, Diego Corsini",3585
Rana Ranbir,3586
Joram Lürsen,3587
Alexandre Espigares,3588
José Miguel Contreras,3589
Thomas Stuber,3590
Maximilian Erlenwein,3591
Rusty Nixon,3592
"Conrad Helten, Ezekiel Norton, Michael Goguen",3593
Lu Yang,3594
Suman Mukhopadhyay,3595
Nicholas Ray,3596
Partha Chakraborty,3597
Robert Aldrich,3598
Mike Flanagan,3599
JP Habac,3600
Vinay Bharadwaj,3601
B. Subhash,3602
Darren Grant,3603
Joseph Ruben,3604
"Bonni Cohen, Jon Shenk",3605
Michael Cristofer,3606
Joey So,3607
Shannon Hartman,3608
Alex Timbers,3609
Amit Roy,3610
"Lygia Barbosa da Silva, Eliane Brum",3611
Jonathan Levine,3612
Zoe Lister-Jones,3613
Gabriela Cowperthwaite,3614
Ethan Hawke,3615
Mohsin Ali,3616
Demetri Martin,3617
Jude Okwudiafor Johnson,3618
Ah Loong,3619
David Mirkin,3620
David Sington,3621
Saheed Arafath,3622
Garrett Bradley,3623
Leandro Neri,3624
Yılmaz Erdoğan,3625
Abbas Tyrewala,3626
George Cukor,3627
Aleksey Tsitsilin,3628
Frank E. Abney III,3629
Anurag Kashyap,3630
Cem Yılmaz,3631
Alejandro Fernández Almendras,3632
Daniel Arasanz,3633
Eduardo Chauvet,3634
Dan Forrer,3635
"Meenu Gaur, Farjad Nabi",3636
Travis Zariwny,3637
"Sidheswar Shukla, Asit Mohapatra",3638
Eddie Martin,3639
Ding Sheng,3640
Nicholas Zeig-Owens,3641
Adam Salky,3642
Mayye Zayed,3643
Jan Holoubek,3644
George Ratliff,3645
Roman White,3646
Kagiso Lediga,3647
Mahsun Kırmızıgül,3648
David E. Talbert,3649
Yudai Yamaguchi,3650
Soumitra Ranade,3651
Ed Perkins,3652
Jota Linares,3653
Mathieu Auvray,3654
Francesco Imperato,3655
Isao Yukisada,3656
Adam Deyoe,3657
Kyle Rideout,3658
Taron Lexton,3659
Dennis Bartok,3660
Logan Kibens,3661
Ryu Jung-woo,3662
Preston A. Whitmore II,3663
"Heidi Brandenburg, Mathew Orzel",3664
Ekene Som Mekwunye,3665
Kevin Smith,3666
Julian Schnabel,3667
Taylor Hackford,3668
"Sudha Kongara, Vignesh Shivan, Gautham Vasudev Menon, Vetri Maaran",3669
Brian Volk-Weiss,3670
Makarand Mane,3671
Vishal Mahadkar,3672
George Gallo,3673
Houssam El-Din Mustafa,3674
Anand Ravichandran,3675
Alfons Adetuyi,3676
Stan Lathan,3677
Sarjun,3678
Tejas Prabha Vijay Deoskar,3679
Stephanie Laing,3680
Todd S. Yellin,3681
Larry Elikann,3682
Martin Lawrence,3683
Anuranjan Premji,3684
Ben Ryder,3685
Corey Yuen,3686
Holger Tappe,3687
Jayaraj Rajasekharan Nair,3688
"David Fairhead, Anthony Palmer",3689
Sean Menard,3690
Dennis Dugan,3691
Danishka Esterhazy,3692
Umesh Ghadge,3693
Jung-ah Im,3694
Charlie Kaufman,3695
Samir Al Asfory,3696
Neville Shah,3697
Zuko Nodada,3698
R.J. Daniel Hanna,3699
"Grant S. Johnson, Ippsie Jones",3700
Charlie McDowell,3701
John Lee,3702
"Gervasio Iglesias, Alexis Morante",3703
"Andrew Tan, Michael Goguen",3704
Rajeev Chaudhari,3705
Saurav Palodhi,3706
Elle Callahan,3707
"Kireet Khurana, Padmakumar Narasimhamurthy",3708
Christopher Nolan,3709
"Akay Mason, Abosi Ogba",3710
Michael Simon,3711
Takuya Igarashi,3712
"Mike Rianda, Jeff Rowe",3713
Shalini Kantayya,3714
Monty Tiwa,3715
Neeraj Vora,3716
Ishaya Bako,3717
Sooni Taraporevala,3718
John A. Davis,3719
Lance Bangs,3720
Shin Won-ho,3721
Leopoldo Aguilar,3722
Lucy Cohen,3723
Jean-Claude La Marre,3724
Erik Canuel,3725
Bruce W. Smith,3726
Ted Braun,3727
Gary David Goldberg,3728
"Sam Liu, Frank Paur",3729
John Stewart Muller,3730
Mohamed Hamdy,3731
Jay Lyons,3732
Jitender Pawar,3733
Tekin Girgin,3734
Brian Andrew Mendoza,3735
Tony Scott,3736
Sung Do-jun,3737
"John Mitchell, Jeremy Kipp Walker",3738
Pierre Morel,3739
Tigmanshu Dhulia,3740
Gary Andrews,3741
Fred Wolf,3742
Martín Sastre,3743
"Josh Safdie, Benny Safdie",3744
"Austin Peck, Anneliese Vandenberg",3745
"Luis Ara, Ignacio Jaunsolo",3746
Robert Moresco,3747
John Lee Hancock,3748
Rik Reinholdtsen,3749
Ian MacNaughton,3750
"Javier Ambrossi, Javier Calvo",3751
James Ivory,3752
Mike Mills,3753
Dharmesh Darshan,3754
Ham Tran,3755
Paul Tanter,3756
Tarek Al Eryan,3757
Zach Braff,3758
Mary Harron,3759
Mark Raso,3760
Jonathan Liebesman,3761
Enah Johnscott,3762
Prateek Vats,3763
Sam Macaroni,3764
Shoojit Sircar,3765
Abhishek Sharma,3766
Ksshitij Chaudhary,3767
Nikhil Nagesh Bhat,3768
Andrew Niccol,3769
John Ridley,3770
Pali Yahya,3771
Mir-Jean Bou Chaaya,3772
Harry Baweja,3773
"Mathias Malzieu, Stéphane Berla",3774
"Dustin McKenzie, Andrew Duncan, Audu Paden",3775
Hakan Yonat,3776
"Hiroshi Aoyama, Kazumi Fukushima, Jim Stenstrum",3777
Bette Gordon,3778
Harvey Lilley,3779
"Stephen Donnelly, Olly Reid, Jun Falkenstein",3780
Robert Luketic,3781
Sergio Leone,3782
Michael Carney,3783
Adze Ugah,3784
Robert Zemeckis,3785
Gary Ross,3786
Morgan Ingari,3787
Matt Thompson,3788
Chaitanya Tamhane,3789
Massimiliano Camaiti,3790
Paco Plaza,3791
Grant Sputore,3792
Tom Forrest,3793
Diego Kaplan,3794
Daniel Stamm,3795
Scott Marshall Smith,3796
Danny J. Boyle,3797
Ellen Weissbrod,3798
Robyn Butler,3799
Alex Law,3800
Einar Gabbassov,3801
Andrew Fleming,3802
Paul Dano,3803
Steven C. Miller,3804
David Feiss,3805
Garth Davis,3806
Ömer Faruk Sorak,3807
Cal Brunker,3808
Martin Scorsese,3809
Jeff Stilson,3810
Aaron Lieber,3811
Carlos Sedes,3812
Rima Das,3813
Guntur Soeharjanto,3814
Bassam Tariq,3815
Hepi Mita,3816
Joyce Bernal,3817
Michael Blieden,3818
"Aitor Arregi, Jon Garaño",3819
Chris Eigeman,3820
Vishal Bhardwaj,3821
"Trey Borzillieri, Barbara Schroeder",3822
Anand Tiwari,3823
"Rodrigo Toro, Francisco Schultz",3824
Alexandre Reinecke,3825
Tanit Jitnukul,3826
Florian Gallenberger,3827
Jay Chandrasekhar,3828
Ben A. Williams,3829
Sukum Maetawanitch,3830
Ram Gopal Varma,3831
"Roberto De Feo, Paolo Strippoli",3832
Tariq Alkazim,3833
Miguel Arteta,3834
"Beth Sleven, Allan Jacobsen, Kevin Wotton",3835
"Sabina Fedeli, Anna Migotto",3836
Fouad El-Mohandes,3837
Owen Trevor,3838
Andrew Wessels,3839
Parthiban,3840
Yoo Byung-jae,3841
Amshan Kumar,3842
Morgan Neville,3843
Miguel Ángel Lamata,3844
Ricardo Maldonado,3845
Vincent Perez,3846
Esteban Vidal,3847
Richard Sears,3848
Robert Adetuyi,3849
Juan Manuel Cotelo,3850
Fellipe Barbosa,3851
"Peter Mortimer, Josh Lowell",3852
Ivona Juka,3853
"Robert Cullen, José Luis Ucha",3854
Bhushan Patel,3855
"John Stevenson, Mark Osborne",3856
Zhao Ji,3857
Ava DuVernay,3858
Martin Wood,3859
Raoul Peck,3860
Brian Helgeland,3861
Farhan Alam,3862
Julio Medem,3863
"Laura Alvea, José Ortuño",3864
Yanyong Kuruaungkoul,3865
Farah Khan,3866
Judah Friedlander,3867
"Mariano Cohn, Gastón Duprat",3868
Kasper Collin,3869
Liz Plonka,3870
Jonathan Demme,3871
Tom Fassaert,3872
"J.F. Musial, Josh Vietze",3873
William Lau,3874
Kaspar Astrup Schröder,3875
Akram Farouk,3876
Ticoy Rodriguez,3877
Lesli Linka Glatter,3878
Pierfrancesco Diliberto,3879
Glen Winter,3880
Udoka Oyeka,3881
Juan José Campanella,3882
Yu Yang,3883
César Rodrigues,3884
Renato De Maria,3885
Kunihiko Yuyama,3886
Nikhil Advani,3887
Dani de la Torre,3888
Raaghav Dar,3889
Brandon Jones,3890
Marti Noxon,3891
Hubert Woroniecki,3892
Leif Tilden,3893
Maciej Dejczer,3894
Matthew Hope,3895
Chris Perkel,3896
Michael Polish,3897
"Leandro Mark, Nicolás Silbert",3898
"Paul Berczeller, Mark Radice",3899
"Phil Johnston, Rich Moore",3900
Carly Stone,3901
Gary Young,3902
"Ritu Sarin, Tenzing Sonam",3903
Mark Helfrich,3904
Chris Koch,3905
Harold Becker,3906
Dean Parisot,3907
Noé González,3908
Cyrus Nowrasteh,3909
Pawan Kumar,3910
John R. Leonetti,3911
Clay Kaytis,3912
Charles Stone III,3913
Karen J. Lloyd,3914
Bernard Rose,3915
James Lee,3916
Steve Greenwood,3917
"Fernando Sariñana, José Luis Gutiérrez",3918
"Radhika Rao, Vinay Sapru",3919
Daniel McCabe,3920
Avi Federgreen,3921
Ernie Barbarash,3922
Les Mayfield,3923
Vikramaditya Motwane,3924
Amanda Raymond,3925
Christopher Cain,3926
Frasco Mortiz,3927
Ben Kasulke,3928
Lana Wilson,3929
Bruce Leddy,3930
Mangesh Kanthale,3931
Ian Samuels,3932
Brit McAdams,3933
Teddy Lussi-Modeste,3934
Sacha Wolff,3935
Brendan Toller,3936
Eeshwar Nivas,3937
Matt Toronto,3938
Keith L. Smith,3939
Hiroshi Katagiri,3940
Salim Akil,3941
"Peter Farrelly, Bobby Farrelly",3942
Alfonso Arau,3943
Keenen Ivory Wayans,3944
Krishna Vamshi,3945
Elliot Silverstein,3946
Paco Arango,3947
"Mark Columbus, Lauren Hoekstra, Sarah Kruchowski, Ryan Moody, Simon Savelyev, Vanita Shastry, Shadae Lamar Smith, Jeremy David White",3948
"Cavi Borges, Luciano Vidigal",3949
Kim Joo-hyung,3950
Kim Tae-hyung,3951
Ivan Andrew Payawal,3952
Detlev Buck,3953
"Junichi Sato, Tomotaka Shibayama",3954
Vipul Amrutlal Shah,3955
Müfit Can Saçıntı,3956
Gabriela García Rivas,3957
Alex Stapleton,3958
Sanjib Dey,3959
Andy Serkis,3960
Erik Matti,3961
Christian Zübert,3962
Rajesh Touchriver,3963
Franck Ribière,3964
Andy Fickman,3965
Avinash Arun,3966
Mike Fleiss,3967
Luis Lopez,3968
Dean Wright,3969
Brad Bird,3970
"Harvey Glazer, Stuart Stone",3971
Tolulope Itegboje,3972
Michael Winterbottom,3973
Tony Abulu,3974
"Keiichi Sato, Yasushi Kawamura",3975
Abir Sengupta,3976
J Blakeson,3977
Jay Grace,3978
Anurag Basu,3979
Cheta Chukwu,3980
Eli Roth,3981
Swapna Waghmare Joshi,3982
Bryan Fogel,3983
Keith Scholey,3984
James Woodroffe,3985
Stanley Tong,3986
Samir Karnik,3987
"Jennifer Baichwal, Nicholas de Pencier",3988
"Mark Franchetti, Andrew Meier",3989
Barney Clay,3990
Adarsh Eshwarappa,3991
Leslye Headland,3992
Andrew Bergman,3993
Benedict Andrews,3994
Peter Segal,3995
Dustin Hoffman,3996
Navot Papushado,3997
Letizia Lamartire,3998
Peter Jackson,3999
Andrew Davis,4000
Lina Al Abed,4001
"Hanung Bramantyo, Pandu Adjisurya",4002
Vandana Kataria,4003
Aruna Raje,4004
Timo Tjahjanto,4005
Anthony Byrne,4006
Khalid Mohamed,4007
Felix Starck,4008
"Josh Izenberg, Wynn Padula",4009
Harry Chaskin,4010
Jung-woo Park,4011
Dave Green,4012
Sandy Chronopoulos,4013
Kevin Peeples,4014
"Femi Oyeniran, Kalvadour Peterson",4015
Mark Craig,4016
Charlotte Zwerin,4017
Ferdinando Cito Filomarino,4018
Julián Hernández,4019
Yeo Siew Hua,4020
Oleg Trofim,4021
Adam McKay,4022
Jakub Piątek,4023
Andrew Dominik,4024
John Erick Dowdle,4025
Renata Terra,4026
Bartosz M. Kowalski,4027
Ayumu Watanabe,4028
Prakash Mehra,4029
"Ali Kalthami, Meshal Aljaser, Faris Godus, Mohamed al Salman, Faisal al Amer",4030
Mike Ezuruonye,4031
Jesús Torres Torres,4032
Vasan Bala,4033
Owen Egerton,4034
Kunal Kohli,4035
John Fortenberry,4036
Steve Cheng,4037
Marco Risi,4038
Anita Barbosa,4039
"Jan Suter, Raúl Campos",4040
Joey Curtis,4041
Tom Edmunds,4042
Brant Sersen,4043
Stephen Cone,4044
Mark Rosman,4045
Lasse Hallström,4046
Zara Hayes,4047
Lance Hool,4048
Jo Sung-hee,4049
Rachit Kusonkoonsiri,4050
Manatsanun Phanlerdwongsakul,4051
Chakri Toleti,4052
Anoop Sathyan,4053
Rakesh Ranjan Kumar,4054
Kyle Newacheck,4055
Michael Cuesta,4056
"Bert Marcus, Cyrus Saidi",4057
Patrick Brice,4058
"Myles Kane, Josh Koury",4059
Gerard McMurray,4060
Prashant Nair,4061
Jon Greenhalgh,4062
"Christian Desmares, Franck Ekinci",4063
Simon Baker,4064
Carlos Bolado,4065
Matt Reeves,4066
"Dylan Haegens, Bas van Teylingen",4067
Drew Casson,4068
Kiran Narayanan,4069
"Ester Gould, Reijer Zwaan",4070
Kyle Patrick Alvarez,4071
Laurent Cantet,4072
"Anil V. Kumar, Anurag Basu",4073
Alan Alda,4074
Muharrem Gülmez,4075
John Putch,4076
Chandra Liow,4077
"Kenzo Maihara, Amandha Wyanto",4078
"Katleho Ramaphakela, Rethabile Ramaphakela",4079
Mahesh Bhatt,4080
Jared Moshé,4081
Susan Johnson,4082
Sam Voutas,4083
"Santiago Diaz, Pablo Martin Farina",4084
Yance Ford,4085
Iginio Straffi,4086
Maris Curran,4087
Macon Blair,4088
Christopher Louie,4089
Paul Serafini,4090
Tom O'Dell,4091
Lori Kaye,4092
Massy Tadjedin,4093
Steve Sacks,4094
"Jitendra Tiwari, Pranav Singh",4095
Derek Yee,4096
Neil Jordan,4097
William Friedkin,4098
"Femi Oyeniran, Nicky Slimting Walker",4099
Stephen Hopkins,4100
"Marc Francis, Max Pugh",4101
Jose Javier Reyes,4102
Sanjiv Jaiswal,4103
Nicholaus Goossen,4104
Sridhar Rangayan,4105
Daryl Hannah,4106
Fernando Coimbra,4107
Linda Otto,4108
Marc Abraham,4109
Marc Levin,4110
Ana Quiroga,4111
Sonia Kennebeck,4112
Chandran Narikode,4113
Mark Palansky,4114
Luis Prieto,4115
Craig Anderson,4116
Nora Twomey,4117
Rob McKittrick,4118
Marek Kanievska,4119
Randal Kleiser,4120
Kenneth Gyang,4121
"Anurin Nwunembom, Musing Derrick",4122
Vishwesh Krishnamoorthy,4123
Stella Corradi,4124
Takashi Shimizu,4125
"Anusha Rizvi, Mahmood Farooqui",4126
"Xavier Maingon, Marc-Antoine Hélard",4127
George C. Wolfe,4128
Kirk Wise,4129
Jalil Lespert,4130
Tom Whitworth,4131
Wayne Blair,4132
Mohamed Khan,4133
Ivan Silvestrini,4134
Habib Faisal,4135
Devashish Makhija,4136
"Timo Tjahjanto, Kimo Stamboel",4137
Benjamin Weill,4138
Allan Ungar,4139
Chad Van De Keere,4140
Joey Kern,4141
Lev L. Spiro,4142
Todd Standing,4143
Patricia Rozema,4144
Giulio Base,4145
Roy Allen Smith,4146
Gus Van Sant,4147
Glenn Miller,4148
Rodrigo Van Der Put,4149
Jonathan Glazer,4150
Majid Al Ansari,4151
Irwin Winkler,4152
"Ainsley Gardiner, Briar Grace-Smith",4153
Burak Aksak,4154
David Lowery,4155
Camille Shooshani,4156
Bille August,4157
Javier Ruiz Caldera,4158
Robert Vince,4159
Akin Omotoso,4160
Mike Clattenburg,4161
"Jesse Handsher, Olivier Roland",4162
Ben Shelton,4163
Mitch Gould,4164
Jacob Kornbluth,4165
Guilherme Fontes,4166
John Herzfeld,4167
Biswajeet Bora,4168
Ezekiel Norton,4169
"Shyamal Chaulia, Asit Mohapatra",4170
Tanuj Bhramar,4171
Marcus Nispel,4172
Jonathan Mostow,4173
Sachin,4174
"Steve Ball, Andrew Duncan",4175
Vivek Wagh,4176
"Dan Kwan, Daniel Scheinert",4177
Michael Samuels,4178
Quentin Tarantino,4179
Manolo Caro,4180
"Robert Pulcini, Shari Springer Berman",4181
Nelson McCormick,4182
Alex Gibney,4183
"Benny Safdie, Josh Safdie",4184
Gautier & Leduc,4185
Everardo González,4186
Gary Binkow,4187
Shravan Kumar,4188
Nia Dinata,4189
Stuart Rosenberg,4190
Kedar Shinde,4191
"Dustin McKenzie, Steve Sacks",4192
Michael Tolajian,4193
Blair Hayes,4194
Chan-sang Lim,4195
Steve Barker,4196
S. Shankar,4197
"Eshom Nelms, Ian Nelms",4198
Chris Eneng Enaji,4199
Girish Malik,4200
Chris Howe,4201
Musthafa,4202
Paul Munger,4203
Jon Rosenbaum,4204
Otilia Portillo Padua,4205
R. Kannan,4206
Ariel Vromen,4207
Isaac Florentine,4208
Bill D'Elia,4209
Kundan Shah,4210
Rian Johnson,4211
Heber Cannon,4212
Tarek Abdel Moaty,4213
Susannah Heath-Eves,4214
Pablo D'Alo Abba,4215
Manish Gupta,4216
Alex Winter,4217
"Jean-Pierre Dardenne, Luc Dardenne",4218
David Benullo,4219
Yulene Olaizola,4220
Cassi Simonds,4221
Farah Nabulsi,4222
Taylor Morden,4223
Sam Levinson,4224
Brian Skiba,4225
Sameer Patil,4226
Michael Dowse,4227
Madhumita,4228
Alexandre Avancini,4229
"Elle-Máijá Tailfeathers, Kathleen Hepburn",4230
Richard Curtis,4231
Rarecho,4232
Jazz Boon,4233
Juan Antonio de la Riva,4234
Henry Sarwer-Foner,4235
Alfonso Serrano Maturino,4236
Daniel Gordon,4237
Jean-Simon Chartier,4238
Kasia Uscinska,4239
"Kevin Ford, Smriti Keshari, Eric Schlosser",4240
Bumpy,4241
James Ponsoldt,4242
Oliver Frampton,4243
Trevor Ryan,4244
"Jovanka Vuckovic, Annie Clark, Roxanne Benjamin, Karyn Kusama",4245
David Yarovesky,4246
David Frankel,4247
Madonne Ashwin,4248
Juan Camilo Pinzon,4249
"Shigeaki Kubo, Tsuyoshi Nakakuki",4250
Dean DeBlois,4251
Alan Yang,4252
Ding-Lin Wang,4253
Robb Dipple,4254
Yeung Yat-Tak,4255
Hideaki Anno,4256
Kate Melville,4257
Ahsan Rahim,4258
Kanwal Sethi,4259
Mike Newell,4260
Diego Luna,4261
Andrea Arnold,4262
Keiko Yagi,4263
Jeremy Kenyon Lockyer Corbell,4264
Maria Demeshkina Peek,4265
Sam Taplin,4266
Nathaniel Warsh,4267
"Daniel Mann, Joseph Sargent",4268
Rolfe Kanefsky,4269
John Michael McDonagh,4270
Antoni Krauze,4271
Marcus Clarke,4272
Michael Rymer,4273
Ramsey Nouah,4274
David Zeiger,4275
Glenn Weiss,4276
Pablo Larraín,4277
Shunsuke Kariyama,4278
Hanung Bramantyo,4279
Picky Talarico,4280
Ahmed Nader Galal,4281
Gagan Puri,4282
Funke Akindele,4283
"Jumpei Mizusaki, Koji Morimoto, Michael Arias, Masaru Matsumoto, Arthell Isom, Henry Thurlow, Takanobu Mizuno, Elsa Nakamichi, Hajime Sasaki, Shinji Takagi",4284
Jay Chapman,4285
Indrajit Nattoji,4286
Nitesh Tiwari,4287
Jayaprakash Radhakrishnan,4288
Oliver Schmitz,4289
David Sampliner,4290
Gregory Caruso,4291
Justin Pemberton,4292
Le Van Kiet,4293
Gordon Chan,4294
Sam de Jong,4295
Bharat Nalluri,4296
Jay Russell,4297
Amanda Micheli,4298
Jeannot Szwarc,4299
Reginald Hudlin,4300
Muzi Mthembu,4301
Alex Díaz,4302
Seth Barrish,4303
Shakun Batra,4304
Pankaj Batra,4305
Stefon Bristol,4306
Tanuja Chandra,4307
Manjeet Maan,4308
Sean Cisterna,4309
Mike Judge,4310
David R. Ellis,4311
"Robert Osman, Nathanael Wiseman",4312
Mat Whitecross,4313
Mitch Dickman,4314
Stanley Menino D'Costa,4315
Roel Reiné,4316
"Yılmaz Erdoğan, Ömer Faruk Sorak",4317
"David Tryhorn, Ben Nicholas",4318
Smeep Kang,4319
Wilson Yip,4320
Niall Johnson,4321
Rachel Mason,4322
Tolu Awobiyi,4323
Lee Yoon-jung,4324
Scott Aukerman,4325
Jakob Lass,4326
Kelly Duane de la Vega,4327
"Rob Epstein, Jeffrey Friedman",4328
Justin Krook,4329
Mike Rossiter,4330
Manop Janjarasskul,4331
"Geoffrey Orthwein, Andrew Sullivan",4332
Nick Mead,4333
Denis Villeneuve,4334
Nirpal Bhogal,4335
"Wade Allain-Marcus, Jesse Allain-Marcus",4336
Rakshith Thirthahalli,4337
Subhash Ghai,4338
Karim El Sobky,4339
Fredric Lean,4340
Robin Swicord,4341
Paakhi Tyrewala,4342
Peter Winther,4343
Sarawut Wichiensarn,4344
Jayan Moodley,4345
Jessie Nelson,4346
Fajar Bustomi,4347
Melanie Mayron,4348
Domenico de Feudis,4349
Soumendra Padhi,4350
Younuts!,4351
Nawapol Thamrongrattanarit,4352
Park Joon-hwa,4353
Chris Bould,4354
Robin Aubert,4355
Duncan Jones,4356
Jonás Trueba,4357
Sarah Smith,4358
Justin Lee,4359
David McCracken,4360
Amara Cash,4361
"Anders Falck, Stinus Morell Vithner",4362
Enrico Bisi,4363
Bhavik Thakore,4364
Julien Seri,4365
Robert Berlinger,4366
Austin Stark,4367
Roger Spottiswoode,4368
Steve Brill,4369
Vinil Mathew,4370
Max Jabs,4371
Robert Radler,4372
Liu Kuang-hui,4373
Lee Daniels,4374
Juliana Vicente,4375
Mahesh Manjrekar,4376
Svati Chakravarty Bhatkal,4377
Dani Levy,4378
Advait Chandan,4379
Carlos Therón,4380
"Kip Andersen, Keegan Kuhn",4381
A. Salaam,4382
Ajithkumar,4383
S.S. Wilson,4384
Daniel Espinosa,4385
"Saw Teong Hin, Nik Amir Mustapha, M.S. Prem Nath",4386
Sharan Sharma,4387
Yoon Sung-hyun,4388
Marc Vigil,4389
David Oelhoffen,4390
Pepe Bojórquez,4391
"Nuhash Humayun, Syed Ahmed Shawki, Rahat Rahman, Robiul Alam Robi, Golam Kibria Farooki, Mir Mukarram Hossain, Tanvir Ahsan, Mahmudul Islam, Abdullah Al Noor, Krishnendu Chattopadhyay, Syed Saleh Ahmed Sobhan",4392
Atsuko Ishizuka,4393
Gabriela Tagliavini,4394
Álvaro Brechner,4395
Monique Gardenberg,4396
"Latif Faiziyev, Umesh Mehra",4397
Tommy Wirkola,4398
Iman Brotoseno,4399
Will Allen,4400
Ken Marino,4401
Tom O'Brien,4402
James Bobin,4403
John H. Lee,4404
Kevin Munroe,4405
Chandra Prakash Dwivedi,4406
Michael Harte,4407
Michael Tiddes,4408
Pablo Faro,4409
Sean McNamara,4410
Donald Petrie,4411
Billy Lyons,4412
"Rémy Four, Julien War",4413
Frank W Chen,4414
Jody Hill,4415
Sonny Mallhi,4416
Eleonore Pourriat,4417
Chris Baugh,4418
Fernando Lebrija,4419
Agustí Villaronga,4420
James Yukich,4421
Seth Gordon,4422
Henrik Ruben Genz,4423
Scott Cooper,4424
Luke Sparke,4425
Tariq Khan,4426
Rohit Shetty,4427
Robert Peters,4428
"Kief Davidson, Pedro Kos",4429
Rikhil Bahadur,4430
Dylan Mohan Gray,4431
Claire Scanlon,4432
Neal Brennan,4433
"Raymie Muzquiz, Stu Livingston",4434
Alberto Arnaut Estrada,4435
Syed Atif Ali,4436
David Paul Meyer,4437
Lennart Ruff,4438
"Gary Howsam, Mike Smith, John Paul Tremblay, Robb Wells",4439
Jason Priestley,4440
Samuel D. Pollard,4441
David Fairhead,4442
Matt Aselton,4443
Lorene Scafaria,4444
Tony Collingwood,4445
Amy Segal,4446
Colin Minihan,4447
Jeffrey Schwarz,4448
Ahmet Katıksız,4449
Thiru,4450
"Luis Lopez, Clay Tweel",4451
"Robert Nixon, Fisher Stevens",4452
Shane Acker,4453
Victor Levin,4454
Lilibet Foster,4455
Jesse Gustafson,4456
"Jesse Adang, Syrine Boulanouar",4457
Michael Mason,4458
Tony Leondis,4459
"Sudesh Manjrekar, Atul Kale",4460
Timothy Reckart,4461
Ganesh Kadam,4462
Malik Nejer,4463
Braden R. Duemmler,4464
"Patrick Durham, Paul G. Volk",4465
Blayne Weaver,4466
Brian Klein,4467
"Priyadarshan, Kookie V. Gulati",4468
"Kevin R. Adams, Joe Ksander",4469
Eduardo Mendoza de Echave,4470
Stefan Brogren,4471
Edward Cotterill,4472
James Hawes,4473
Icíar Bollaín,4474
Asghar Farhadi,4475
Mark Harris,4476
Bedabrata Pain,4477
James Barr,4478
Kim Sung-hoon,4479
"Benjamin Cohen, Nicolas Cotto",4480
Alejandro Agresti,4481
B. T Thomas,4482
Mario Briongos,4483
"Charles Gozali, Bagus Bramanti",4484
Damien O’Connor,4485
Marla M. Ancheta,4486
Raja Chanda,4487
Mamoru Hosoda,4488
Punit Malhotra,4489
Oliver Kienle,4490
Reema Kagti,4491
"Jay Karas, Demetri Martin",4492
Richard Loncraine,4493
Paul M. Green,4494
Mijke de Jong,4495
Andreas Johnsen,4496
Gary Wheeler,4497
Gregory Hoblit,4498
Suresh Pillai,4499
Eric Khoo,4500
Craig Moss,4501
Brian Levant,4502
Mahmood Ali-Balogun,4503
Claire McCarthy,4504
Anurin Nwunembom,4505
Shantrelle P. Lewis,4506
Jennifer Brea,4507
Takuma Sato,4508
Ahmed Zain,4509
Chris Robinson,4510
Xavier Manrique,4511
Ramesh Sippy,4512
Jon Watts,4513
"Rashida Jones, Alan Hicks",4514
Jared Stern,4515
Jacob LaMendola,4516
Fazila Allana,4517
Oren Uziel,4518
Burhan Qurbani,4519
Michael Margolis,4520
Mohamed Samy,4521
Asim Raza,4522
Sudip Bandyopadhyay,4523
Iain Softley,4524
Jami,4525
Jennie Livingston,4526
John Maclean,4527
William Wyler,4528
